,filename,animal_type,animal
0,e030b20928e90021d85a5854ee454296eb70e3c818b413449df6c87ca3ed_640.jpg,4,scoiattolo
1,e030b20929e90021d85a5854ee454296eb70e3c818b413449df6c87ca3ed_640.jpg,1,farfalla
2,e030b2092be90021d85a5854ee454296eb70e3c818b413449df6c87ca3ed_640.jpg,1,farfalla
3,e030b2092ce90021d85a5854ee454296eb70e3c818b413449df6c87ca3ed_640.jpg,1,farfalla
4,e030b2092de90021d85a5854ee454296eb70e3c818b413449df6c87ca3ed_640.jpg,1,farfalla
5,e030b20a20e90021d85a5854ee454296eb70e3c818b413449df6c87ca3ed_640.jpg,1,farfalla
6,e032b10b2df21c22d2524518b7444f92e37fe5d404b0144390f8c07aa5ecb6_640.jpg,0,elefante
7,e032b5082ef61c22d2524518b7444f92e37fe5d404b0144390f8c078a0eabd_640.jpg,3,pecora
8,e034b80f2ff61c22d2524518b7444f92e37fe5d404b0144390f8c078a0eabd_640.jpg,4,scoiattolo
9,e037b00b2af41c22d2524518b7444f92e37fe5d404b0144390f8c078a0eabd_640.jpg,3,pecora
10,e130b5072af71c22d2524518b7444f92e37fe5d404b0144390f8c078a0eabd_640.jpg,0,elefante
11,e130b80b2ef11c22d2524518b7444f92e37fe5d404b0144390f8c07aa4e5b0_640.jpg,0,elefante
12,e131b0072ee90021d85a5854ee454296eb70e3c818b413449df1c27ba6ee_640.jpg,0,elefante
13,e132b10a2bf51c22d2524518b7444f92e37fe5d404b0144390f8c07aa4e5b0_640.jpg,0,elefante
14,e132b30e20f01c22d2524518b7444f92e37fe5d404b0144390f8c078a1ebb2_640.jpg,4,scoiattolo
15,e132b60e2af51c22d2524518b7444f92e37fe5d404b0144390f8c770a3e5b7_640.jpg,4,scoiattolo
16,e133b10d2bf21c22d2524518b7444f92e37fe5d404b0144390f8c07aa4e5b0_640.jpg,0,elefante
17,e133b5062cf71c22d2524518b7444f92e37fe5d404b0144390f8c07aa4e5b0_640.jpg,0,elefante
18,e133b50c20f01c22d2524518b7444f92e37fe5d404b0144390f8c078a0eabd_640.jpg,2,mucca
19,e134b50a2efc1c22d2524518b7444f92e37fe5d404b0144390f8c770a1edb6_640.jpg,1,farfalla
20,e135b0062efc1c22d2524518b7444f92e37fe5d404b0144390f8c07aa4e5b0_640.jpg,4,scoiattolo
21,e135b10f21f61c22d2524518b7444f92e37fe5d404b0144390f8c07aa4e5b0_640.jpg,0,elefante
22,e13cb60a2bf31c22d2524518b7444f92e37fe5d404b0144390f8c078a0eabd_640.jpg,4,scoiattolo
23,e13cb60a2bfc1c22d2524518b7444f92e37fe5d404b0144390f8c078a1ebb2_640.jpg,4,scoiattolo
24,e830b1072ef6043ed1584d05fb1d4e9fe777ead218ac104497f5c978a6ebb3bf_640.jpg,4,scoiattolo
25,e830b10b2df5003ed1584d05fb1d4e9fe777ead218ac104497f5c978a6eab2b0_640.jpg,4,scoiattolo
26,e830b3092ff4083ed1584d05fb1d4e9fe777ead218ac104497f5c978a4efb4bb_640.jpg,0,elefante
27,e830b30a20f5003ed1584d05fb1d4e9fe777ead218ac104497f5c97faee9bdba_640.png,1,farfalla
28,e830b30a20f6033ed1584d05fb1d4e9fe777ead218ac104497f5c97faeebb5bb_640.png,1,farfalla
29,e830b30a20f6053ed1584d05fb1d4e9fe777ead218ac104497f5c97faeebb5bb_640.png,1,farfalla
30,e830b4062ff3043ed1584d05fb1d4e9fe777ead218ac104497f5c978a6eab2b0_640.jpg,0,elefante
31,e830b4062ff3053ed1584d05fb1d4e9fe777ead218ac104497f5c978a6eab2b0_640.jpg,4,scoiattolo
32,e830b5082ff6013ed1584d05fb1d4e9fe777ead218ac104497f5c978a6ebb3bf_640.jpg,0,elefante
33,e830b70621f1003ed1584d05fb1d4e9fe777ead218ac104497f5c978a6eab2b0_640.jpg,2,mucca
34,e830b70b2df4013ed1584d05fb1d4e9fe777ead218ac104497f5c978a6eab2b0_640.jpg,3,pecora
35,e830b8062ff2023ed1584d05fb1d4e9fe777ead218ac104497f5c978a4eebdbd_640.jpg,3,pecora
36,e830b90728f4033ed1584d05fb1d4e9fe777ead218ac104497f5c978a6ebb3bf_640.jpg,4,scoiattolo
37,e830b9082df7013ed1584d05fb1d4e9fe777ead218ac104497f5c978a6ebb3bf_640.jpg,4,scoiattolo
38,e830b90c2ef1003ed1584d05fb1d4e9fe777ead218ac104497f5c978a6eab2b0_640.jpg,3,pecora
39,e831b00c2ef3093ed1584d05fb1d4e9fe777ead218ac104497f5c97faee9bdba_640.jpg,1,farfalla
40,e831b10b2ee90021d85a5854ee454296eb70e3c818b413449df6c87dafef_640.jpg,1,farfalla
41,e831b3082af31c22d2524518b7444f92e37fe5d404b0144390f8c078a0eabd_640.jpg,2,mucca
42,e831b30a28f21c22d2524518b7444f92e37fe5d404b0144390f8c770a3e5b7_640.jpg,1,farfalla
43,e831b30c2ef6063ed1584d05fb1d4e9fe777ead218ac104497f5c978a6ebb3bf_640.jpg,4,scoiattolo
44,e831b30c2ef7063ed1584d05fb1d4e9fe777ead218ac104497f5c978a6ebb3bf_640.jpg,3,pecora
45,e831b30e29f2063ed1584d05fb1d4e9fe777ead218ac104497f5c978a4efb4bb_640.jpg,0,elefante
46,e831b30e2af2043ed1584d05fb1d4e9fe777ead218ac104497f5c978a4efbcb0_640.jpg,0,elefante
47,e831b30e2af2073ed1584d05fb1d4e9fe777ead218ac104497f5c978a4eebdbd_640.jpg,4,scoiattolo
48,e831b4082cf0063ed1584d05fb1d4e9fe777ead218ac104497f5c978a4eebdbd_640.jpg,0,elefante
49,e831b4082cf1003ed1584d05fb1d4e9fe777ead218ac104497f5c978a4eebdbd_640.jpg,0,elefante
50,e831b4082cf1013ed1584d05fb1d4e9fe777ead218ac104497f5c978a4efbcb0_640.jpg,0,elefante
51,e831b50f2df71c22d2524518b7444f92e37fe5d404b0144390f8c770a2e9b5_640.jpg,1,farfalla
52,e832b00a2df11c22d2524518b7444f92e37fe5d404b0144390f8c770a2e9b5_640.jpg,1,farfalla
53,e832b10a2fe90021d85a5854ee454296eb70e3c818b413449df6c87ca3ed_640.jpg,1,farfalla
54,e832b10c2ef41c22d2524518b7444f92e37fe5d404b0144390f8c078a1ebb2_640.jpg,4,scoiattolo
55,e832b10e2efc043ed1584d05fb1d4e9fe777ead218ac104497f5c97faee9bdba_640.jpg,1,farfalla
56,e832b30e2df5053ed1584d05fb1d4e9fe777ead218ac104497f5c978a6e8b0b1_640.jpg,4,scoiattolo
57,e832b40821fc1c22d2524518b7444f92e37fe5d404b0144390f8c07aa5ecb6_640.jpg,0,elefante
58,e832b4082df5003ed1584d05fb1d4e9fe777ead218ac104497f5c97faee9bdba_640.jpg,1,farfalla
59,e832b5072ae90021d85a5854ee454296eb70e3c818b413449df1c07ca2e4_640.jpg,1,farfalla
60,e832b6092bf4023ed1584d05fb1d4e9fe777ead218ac104497f5c978a6eab2b0_640.jpg,4,scoiattolo
61,e832b60c2ffc1c22d2524518b7444f92e37fe5d404b0144390f8c770a1edb6_640.jpg,1,farfalla
62,e832b7062ff6093ed1584d05fb1d4e9fe777ead218ac104497f5c97faeebb5bb_640.png,1,farfalla
63,e832b7072ef41c22d2524518b7444f92e37fe5d404b0144390f8c770a1edb6_640.jpg,1,farfalla
64,e832b7092ff6033ed1584d05fb1d4e9fe777ead218ac104497f5c978a6eab2b0_640.jpg,4,scoiattolo
65,e832b70c2af0043ed1584d05fb1d4e9fe777ead218ac104497f5c97faeebb5bb_640.jpg,4,scoiattolo
66,e832b70c2bf3073ed1584d05fb1d4e9fe777ead218ac104497f5c978a6ebb3bf_640.jpg,3,pecora
67,e832b70e2bf71c22d2524518b7444f92e37fe5d404b0144390f8c770a2e9b5_640.jpg,0,elefante
68,e832b70e2df21c22d2524518b7444f92e37fe5d404b0144390f8c770a2e9b5_640.jpg,4,scoiattolo
69,e832b80721f1013ed1584d05fb1d4e9fe777ead218ac104497f5c978a6eab2b0_640.jpg,3,pecora
70,e832b90d2cf7073ed1584d05fb1d4e9fe777ead218ac104497f5c978a4efbcb0_640.jpg,4,scoiattolo
71,e833b00e2ffd053ed1584d05fb1d4e9fe777ead218ac104497f5c97faeebb5bb_640.jpg,1,farfalla
72,e833b10728f7033ed1584d05fb1d4e9fe777ead218ac104497f5c978a6eab2b0_640.jpg,0,elefante
73,e833b10a2dfd073ed1584d05fb1d4e9fe777ead218ac104497f5c978a6eab2b0_640.jpg,3,pecora
74,e833b10a2dfd093ed1584d05fb1d4e9fe777ead218ac104497f5c978a6eab2b0_640.jpg,0,elefante
75,e833b20a2ff0063ed1584d05fb1d4e9fe777ead218ac104497f5c97faee9bdba_640.jpg,1,farfalla
76,e833b20f2dfd1c22d2524518b7444f92e37fe5d404b0144390f8c07aa5ecb6_640.jpg,0,elefante
77,e833b4062ef1023ed1584d05fb1d4e9fe777ead218ac104497f5c978a4eebdbd_640.jpg,0,elefante
78,e833b40a28fd093ed1584d05fb1d4e9fe777ead218ac104497f5c97faee9bdba_640.jpg,1,farfalla
79,e833b40a2ff6053ed1584d05fb1d4e9fe777ead218ac104497f5c97faee9bdba_640.jpg,1,farfalla
80,e833b40e28f01c22d2524518b7444f92e37fe5d404b0144390f8c770a1edb6_640.jpg,4,scoiattolo
81,e833b50b29fc083ed1584d05fb1d4e9fe777ead218ac104497f5c97faee9bdba_640.jpg,1,farfalla
82,e833b50c2df5013ed1584d05fb1d4e9fe777ead218ac104497f5c97faee8b1b8_640.jpg,1,farfalla
83,e833b60828f5023ed1584d05fb1d4e9fe777ead218ac104497f5c978a4eebdbd_640.jpg,0,elefante
84,e833b8062af01c22d2524518b7444f92e37fe5d404b0144390f8c770a3e5b7_640.jpg,1,farfalla
85,e833b80721f2043ed1584d05fb1d4e9fe777ead218ac104497f5c97faee9bdba_640.jpg,1,farfalla
86,e833b80b2ff5053ed1584d05fb1d4e9fe777ead218ac104497f5c978a6eab2b0_640.jpg,4,scoiattolo
87,e833b80c2afc003ed1584d05fb1d4e9fe777ead218ac104497f5c978a4eebdbd_640.jpg,0,elefante
88,e833b80c2afc013ed1584d05fb1d4e9fe777ead218ac104497f5c978a4eebdbd_640.jpg,0,elefante
89,e833b80c2afc033ed1584d05fb1d4e9fe777ead218ac104497f5c978a4efbcb0_640.jpg,4,scoiattolo
90,e833b90a2ff6093ed1584d05fb1d4e9fe777ead218ac104497f5c97faeebb5bb_640.jpg,1,farfalla
91,e833b90b2df7073ed1584d05fb1d4e9fe777ead218ac104497f5c978a6ebb3bf_640.jpg,0,elefante
92,e833b90f2cf4033ed1584d05fb1d4e9fe777ead218ac104497f5c978a4eebdbd_640.jpg,0,elefante
93,e833b90f2cf5033ed1584d05fb1d4e9fe777ead218ac104497f5c978a4efbcb0_640.jpg,0,elefante
94,e834b00921f11c22d2524518b7444f92e37fe5d404b0144390f8c07aa5ecb6_640.jpg,0,elefante
95,e834b20820f1033ed1584d05fb1d4e9fe777ead218ac104497f5c978a6eab2b0_640.jpg,2,mucca
96,e834b20e2ef7073ed1584d05fb1d4e9fe777ead218ac104497f5c97faee9bdba_640.jpg,4,scoiattolo
97,e834b20f28fd003ed1584d05fb1d4e9fe777ead218ac104497f5c978a4eebdbd_640.jpg,0,elefante
98,e834b3072af6033ed1584d05fb1d4e9fe777ead218ac104497f5c978a6eab2b0_640.jpg,3,pecora
99,e834b3082ef2073ed1584d05fb1d4e9fe777ead218ac104497f5c97faee9bdba_640.jpg,1,farfalla
100,e834b4082cf2063ed1584d05fb1d4e9fe777ead218ac104497f5c978a4eebdbd_640.jpg,0,elefante
101,e834b50721fd083ed1584d05fb1d4e9fe777ead218ac104497f5c978a6eab2b0_640.jpg,3,pecora
102,e834b50a2cf71c22d2524518b7444f92e37fe5d404b0144390f8c07aa5ecb6_640.jpg,0,elefante
103,e834b60f29f4023ed1584d05fb1d4e9fe777ead218ac104497f5c978a4efbcb0_640.jpg,0,elefante
104,e834b60f29f4063ed1584d05fb1d4e9fe777ead218ac104497f5c978a4efbcb0_640.jpg,0,elefante
105,e834b60f29f4073ed1584d05fb1d4e9fe777ead218ac104497f5c978a4efbcb0_640.jpg,0,elefante
106,e834b60f29f4093ed1584d05fb1d4e9fe777ead218ac104497f5c978a4efb4bb_640.jpg,0,elefante
107,e834b60f29f5003ed1584d05fb1d4e9fe777ead218ac104497f5c978a4efb4bb_640.jpg,0,elefante
108,e834b60f29f5013ed1584d05fb1d4e9fe777ead218ac104497f5c978a4eebdbd_640.jpg,0,elefante
109,e834b60f29f5033ed1584d05fb1d4e9fe777ead218ac104497f5c978a4eebdbd_640.jpg,0,elefante
110,e834b7062af1093ed1584d05fb1d4e9fe777ead218ac104497f5c978a4eebdbd_640.jpg,0,elefante
111,e835b00d2afd093ed1584d05fb1d4e9fe777ead218ac104497f5c978a6eab2b0_640.jpg,3,pecora
112,e835b10a2cf3043ed1584d05fb1d4e9fe777ead218ac104497f5c978a4eebdbd_640.jpg,0,elefante
113,e835b10c28f3093ed1584d05fb1d4e9fe777ead218ac104497f5c978a6ebb3bf_640.jpg,4,scoiattolo
114,e835b2082bf7093ed1584d05fb1d4e9fe777ead218ac104497f5c978a4eebdbd_640.jpg,0,elefante
115,e835b20b29f0083ed1584d05fb1d4e9fe777ead218ac104497f5c978a6eab2b0_640.jpg,3,pecora
116,e835b20b29f0093ed1584d05fb1d4e9fe777ead218ac104497f5c978a6ebb3bf_640.jpg,4,scoiattolo
117,e835b20b2bfc033ed1584d05fb1d4e9fe777ead218ac104497f5c978a4efbcb0_640.jpg,0,elefante
118,e835b20c2cf6013ed1584d05fb1d4e9fe777ead218ac104497f5c978a4efbcb0_640.jpg,0,elefante
119,e835b30d2ef0063ed1584d05fb1d4e9fe777ead218ac104497f5c978a6eab2b0_640.jpg,0,elefante
120,e835b4082cf2043ed1584d05fb1d4e9fe777ead218ac104497f5c978a4eebdbd_640.jpg,1,farfalla
121,e835b4082ff2093ed1584d05fb1d4e9fe777ead218ac104497f5c97faee9bdba_640.jpg,1,farfalla
122,e835b40e28f0053ed1584d05fb1d4e9fe777ead218ac104497f5c978a6eab2b0_640.jpg,2,mucca
123,e835b50620f0013ed1584d05fb1d4e9fe777ead218ac104497f5c978a4efbcb0_640.png,0,elefante
124,e835b50620f0073ed1584d05fb1d4e9fe777ead218ac104497f5c978a4efbcb0_640.png,0,elefante
125,e835b50620f7083ed1584d05fb1d4e9fe777ead218ac104497f5c978a4eebdbd_640.png,1,farfalla
126,e835b50620f7093ed1584d05fb1d4e9fe777ead218ac104497f5c978a4eebdbd_640.png,0,elefante
127,e835b6092cf4043ed1584d05fb1d4e9fe777ead218ac104497f5c978a6eab2b0_640.jpg,0,elefante
128,e835b80d2df4093ed1584d05fb1d4e9fe777ead218ac104497f5c978a4efb4bb_640.jpg,0,elefante
129,e835b90929f21c22d2524518b7444f92e37fe5d404b0144390f8c770a3e5b7_640.jpg,1,farfalla
130,e835b90e21f1013ed1584d05fb1d4e9fe777ead218ac104497f5c978a6ebb3bf_640.jpg,4,scoiattolo
131,e835b90e2bfc013ed1584d05fb1d4e9fe777ead218ac104497f5c978a6ebb3bf_640.jpg,4,scoiattolo
132,e835b90e2ff0083ed1584d05fb1d4e9fe777ead218ac104497f5c978a4eebdbd_640.jpg,4,scoiattolo
133,e836b1092ef6003ed1584d05fb1d4e9fe777ead218ac104497f5c978a6eab2b0_640.jpg,3,pecora
134,e836b1092ef6093ed1584d05fb1d4e9fe777ead218ac104497f5c978a6eab2b0_640.jpg,4,scoiattolo
135,e836b10a2cf7033ed1584d05fb1d4e9fe777ead218ac104497f5c978a6ebb3bf_640.jpg,1,farfalla
136,e836b10a2ef5023ed1584d05fb1d4e9fe777ead218ac104497f5c978a6eab2b0_640.jpg,4,scoiattolo
137,e836b20a2cfc073ed1584d05fb1d4e9fe777ead218ac104497f5c978a6eab2b0_640.jpg,0,elefante
138,e836b30b2bfd063ed1584d05fb1d4e9fe777ead218ac104497f5c978a6eab2b0_640.jpg,3,pecora
139,e836b30c21f4033ed1584d05fb1d4e9fe777ead218ac104497f5c978a6eab2b0_640.jpg,4,scoiattolo
140,e836b30d2df1003ed1584d05fb1d4e9fe777ead218ac104497f5c978a4eebdbd_640.jpg,0,elefante
141,e836b30f21f0013ed1584d05fb1d4e9fe777ead218ac104497f5c978a6eab2b0_640.jpg,3,pecora
142,e836b40c2af1003ed1584d05fb1d4e9fe777ead218ac104497f5c978a6eab2b0_640.jpg,0,elefante
143,e836b40c2af2073ed1584d05fb1d4e9fe777ead218ac104497f5c978a6e8b0b1_640.jpg,3,pecora
144,e836b8062cf7083ed1584d05fb1d4e9fe777ead218ac104497f5c978a6eab2b0_640.jpg,3,pecora
145,e836b80729fd083ed1584d05fb1d4e9fe777ead218ac104497f5c978a6ebb3bf_640.jpg,3,pecora
146,e836b80e20f4083ed1584d05fb1d4e9fe777ead218ac104497f5c97faee9bdba_640.jpg,1,farfalla
147,e837b00720fc053ed1584d05fb1d4e9fe777ead218ac104497f5c97faee9bdba_640.jpg,1,farfalla
148,e837b10620fd073ed1584d05fb1d4e9fe777ead218ac104497f5c978a4eebdbd_640.jpg,0,elefante
149,e837b10728f1093ed1584d05fb1d4e9fe777ead218ac104497f5c978a4eebdbd_640.jpg,4,scoiattolo
150,e837b10a2af2013ed1584d05fb1d4e9fe777ead218ac104497f5c978a4efb4bb_640.jpg,0,elefante
151,e837b10f2df7083ed1584d05fb1d4e9fe777ead218ac104497f5c978a6eab2b0_640.jpg,4,scoiattolo
152,e837b3072ef7083ed1584d05fb1d4e9fe777ead218ac104497f5c97faee9bdba_640.jpg,1,farfalla
153,e837b30920f3023ed1584d05fb1d4e9fe777ead218ac104497f5c97faee9bdba_640.jpg,4,scoiattolo
154,e837b5092af3093ed1584d05fb1d4e9fe777ead218ac104497f5c978a4eebdbd_640.jpg,0,elefante
155,e837b5092af4053ed1584d05fb1d4e9fe777ead218ac104497f5c978a6e8b0b1_640.jpg,3,pecora
156,e837b50f28f5003ed1584d05fb1d4e9fe777ead218ac104497f5c978a4eebdbd_640.jpg,4,scoiattolo
157,e837b70b28f0003ed1584d05fb1d4e9fe777ead218ac104497f5c978a4eebdbd_640.jpg,1,farfalla
158,e837b90621f6083ed1584d05fb1d4e9fe777ead218ac104497f5c978a6eab2b0_640.jpg,4,scoiattolo
159,e837b90a29fd083ed1584d05fb1d4e9fe777ead218ac104497f5c978a4eebdbd_640.jpg,0,elefante
160,e837b90b2afc043ed1584d05fb1d4e9fe777ead218ac104497f5c978a4eebdbd_640.jpg,0,elefante
161,e837b90e2cf6093ed1584d05fb1d4e9fe777ead218ac104497f5c97faeebb5bb_640.jpg,1,farfalla
162,e83cb00a2ef1053ed1584d05fb1d4e9fe777ead218ac104497f5c978a4efbcb0_640.jpg,0,elefante
163,e83cb00a2ef1083ed1584d05fb1d4e9fe777ead218ac104497f5c978a4eebdbd_640.jpg,0,elefante
164,e83cb10620f2073ed1584d05fb1d4e9fe777ead218ac104497f5c978a4eebdbd_640.jpg,0,elefante
165,e83cb10c28f5063ed1584d05fb1d4e9fe777ead218ac104497f5c978a4efbcb0_640.jpg,0,elefante
166,e83cb10f2bf7033ed1584d05fb1d4e9fe777ead218ac104497f5c978a4efb4bb_640.jpg,2,mucca
167,e83cb20721f3093ed1584d05fb1d4e9fe777ead218ac104497f5c97faeebb5bb_640.jpg,4,scoiattolo
168,e83cb2072af51c22d2524518b7444f92e37fe5d404b0144390f8c078a2e8bc_640.jpg,3,pecora
169,e83cb20c2bf6083ed1584d05fb1d4e9fe777ead218ac104497f5c978a4eebdbd_640.jpg,4,scoiattolo
170,e83cb3082df5043ed1584d05fb1d4e9fe777ead218ac104497f5c978a4efbcb0_640.jpg,0,elefante
171,e83cb60828f5043ed1584d05fb1d4e9fe777ead218ac104497f5c978a4eebdbd_640.jpg,0,elefante
172,e83cb60c2df1033ed1584d05fb1d4e9fe777ead218ac104497f5c978a6eab2b0_640.jpg,4,scoiattolo
173,e83cb7082cf11c22d2524518b7444f92e37fe5d404b0144390f8c770a2e9b5_640.jpg,4,scoiattolo
174,e83cb70929f71c22d2524518b7444f92e37fe5d404b0144390f8c07aa5ecb6_640.jpg,0,elefante
175,e83cb80e29f11c22d2524518b7444f92e37fe5d404b0144390f8c770a3e5b7_640.jpg,1,farfalla
176,e83cb90a28fc093ed1584d05fb1d4e9fe777ead218ac104497f5c978a6e8b0b1_640.jpg,4,scoiattolo
177,e83cb90c28e90021d85a5854ee454296eb70e3c818b413449df6c87dafef_640.jpg,0,elefante
178,e83db00b28e90021d85a5854ee454296eb70e3c818b413449df6c87ca3ed_640.jpg,1,farfalla
179,e83db1072cf6013ed1584d05fb1d4e9fe777ead218ac104497f5c978a6eab2b0_640.jpg,3,pecora
180,e83db20a2de90021d85a5854ee454296eb70e3c818b413449df6c87fa7ee_640.jpg,1,farfalla
181,e83db20a2ff1093ed1584d05fb1d4e9fe777ead218ac104497f5c978a6eab2b0_640.jpg,1,farfalla
182,e83db3062cf4053ed1584d05fb1d4e9fe777ead218ac104497f5c97faee9bdba_640.jpg,1,farfalla
183,e83db30d29f7063ed1584d05fb1d4e9fe777ead218ac104497f5c978a6e8b0b1_640.jpg,4,scoiattolo
184,e83db30d2cfc003ed1584d05fb1d4e9fe777ead218ac104497f5c978a4efb4bb_640.jpg,0,elefante
185,e83db30d2cfd033ed1584d05fb1d4e9fe777ead218ac104497f5c978a4efb4bb_640.jpg,0,elefante
186,e83db30d2cfd053ed1584d05fb1d4e9fe777ead218ac104497f5c978a4efbcb0_640.jpg,0,elefante
187,e83db30d2df5073ed1584d05fb1d4e9fe777ead218ac104497f5c978a4efbcb0_640.jpg,0,elefante
188,e83db30d2df6043ed1584d05fb1d4e9fe777ead218ac104497f5c978a4efb4bb_640.jpg,4,scoiattolo
189,e83db30d2df6053ed1584d05fb1d4e9fe777ead218ac104497f5c978a4eebdbd_640.jpg,2,mucca
190,e83db30d2df7053ed1584d05fb1d4e9fe777ead218ac104497f5c978a4eebdbd_640.jpg,2,mucca
191,e83db30d2ef7073ed1584d05fb1d4e9fe777ead218ac104497f5c978a4efb4bb_640.jpg,2,mucca
192,e83db30d2ef7083ed1584d05fb1d4e9fe777ead218ac104497f5c978a4efb4bb_640.jpg,0,elefante
193,e83db40c28f7003ed1584d05fb1d4e9fe777ead218ac104497f5c978a4efbcb0_640.jpg,3,pecora
194,e83db40e2af5003ed1584d05fb1d4e9fe777ead218ac104497f5c978a6eab2b0_640.jpg,3,pecora
195,e83db40e2bf1053ed1584d05fb1d4e9fe777ead218ac104497f5c978a6eab2b0_640.jpg,4,scoiattolo
196,e83db50920f4013ed1584d05fb1d4e9fe777ead218ac104497f5c978a4eebdbd_640.jpg,0,elefante
197,e83db50a28f1073ed1584d05fb1d4e9fe777ead218ac104497f5c978a6ebb3bf_640.jpg,4,scoiattolo
198,e83db50d29f4073ed1584d05fb1d4e9fe777ead218ac104497f5c978a6ebb3bf_640.jpg,0,elefante
199,e83db6082cf7013ed1584d05fb1d4e9fe777ead218ac104497f5c978a6ebb3bf_640.jpg,3,pecora
200,e83db60c2cf7083ed1584d05fb1d4e9fe777ead218ac104497f5c978a4efb4bb_640.jpg,4,scoiattolo
201,e83db7072afd013ed1584d05fb1d4e9fe777ead218ac104497f5c978a4eebdbd_640.jpg,0,elefante
202,e83db7072bf7043ed1584d05fb1d4e9fe777ead218ac104497f5c978a6eab2b0_640.jpg,0,elefante
203,e83db7072df6033ed1584d05fb1d4e9fe777ead218ac104497f5c978a4eebdbd_640.jpg,4,scoiattolo
204,e83db70828f1053ed1584d05fb1d4e9fe777ead218ac104497f5c978a6eab2b0_640.jpg,4,scoiattolo
205,e83db70c28f3083ed1584d05fb1d4e9fe777ead218ac104497f5c978a4efb4bb_640.jpg,4,scoiattolo
206,e83db70d28f31c22d2524518b7444f92e37fe5d404b0144390f8c770a2e9b5_640.jpg,4,scoiattolo
207,e83db70d28f51c22d2524518b7444f92e37fe5d404b0144390f8c770a2e9b5_640.jpg,1,farfalla
208,e83db70e2cf0073ed1584d05fb1d4e9fe777ead218ac104497f5c97faeebb5bb_640.png,1,farfalla
209,e83db70f21fc033ed1584d05fb1d4e9fe777ead218ac104497f5c978a4efbcb0_640.jpg,0,elefante
210,ea30b50a2afc1c22d2524518b7444f92e37fe5d404b0144390f8c770a3e5b7_640.jpg,1,farfalla
211,ea31b00821f71c22d2524518b7444f92e37fe5d404b0144390f8c770a1edb6_640.jpg,1,farfalla
212,ea31b30e2ef41c22d2524518b7444f92e37fe5d404b0144390f8c770a2e9b5_640.jpg,1,farfalla
213,ea31b40921f51c22d2524518b7444f92e37fe5d404b0144390f8c078a0eabd_640.jpg,3,pecora
214,ea32b6062af31c22d2524518b7444f92e37fe5d404b0144390f8c770a1edb6_640.jpg,4,scoiattolo
215,ea32b7072ff21c22d2524518b7444f92e37fe5d404b0144390f8c770a1edb6_640.jpg,1,farfalla
216,ea33b20c2cf11c22d2524518b7444f92e37fe5d404b0144390f8c770a1edb6_640.jpg,1,farfalla
217,ea33b20c2cf61c22d2524518b7444f92e37fe5d404b0144390f8c770a3e5b7_640.jpg,1,farfalla
218,ea33b50c2afd1c22d2524518b7444f92e37fe5d404b0144390f8c770a2e9b5_640.jpg,1,farfalla
219,ea34b00620f2043ed1584d05fb1d4e9fe777ead218ac104497f5c978a4efbcb0_640.jpg,2,mucca
220,ea34b0062bf4063ed1584d05fb1d4e9fe777ead218ac104497f5c978a6ebb3bf_640.jpg,4,scoiattolo
221,ea34b0062cf4093ed1584d05fb1d4e9fe777ead218ac104497f5c978a4efbcb0_640.jpg,0,elefante
222,ea34b0082bf7043ed1584d05fb1d4e9fe777ead218ac104497f5c97faeebb5bb_640.jpg,1,farfalla
223,ea34b00e2ef3073ed1584d05fb1d4e9fe777ead218ac104497f5c978a6ebb3bf_640.jpg,3,pecora
224,ea34b00f2af7083ed1584d05fb1d4e9fe777ead218ac104497f5c97faeebb5bb_640.jpg,1,farfalla
225,ea34b10a28f0013ed1584d05fb1d4e9fe777ead218ac104497f5c97faeebb5bb_640.jpg,1,farfalla
226,ea34b10a2ff1003ed1584d05fb1d4e9fe777ead218ac104497f5c978a4efb4bb_640.jpg,0,elefante
227,ea34b10b21f5083ed1584d05fb1d4e9fe777ead218ac104497f5c978a4efb4bb_640.jpg,3,pecora
228,ea34b10b2df2093ed1584d05fb1d4e9fe777ead218ac104497f5c978a6ebb3bf_640.jpg,3,pecora
229,ea34b10b2df3033ed1584d05fb1d4e9fe777ead218ac104497f5c978a6ebb3bf_640.jpg,2,mucca
230,ea34b10c20f1033ed1584d05fb1d4e9fe777ead218ac104497f5c978a4efbcb0_640.jpg,4,scoiattolo
231,ea34b10e2df1043ed1584d05fb1d4e9fe777ead218ac104497f5c978a4efbcb0_640.jpg,0,elefante
232,ea34b10f21fc093ed1584d05fb1d4e9fe777ead218ac104497f5c978a4efb4bb_640.jpg,0,elefante
233,ea34b20821f2013ed1584d05fb1d4e9fe777ead218ac104497f5c978a6ebb3bf_640.jpg,4,scoiattolo
234,ea34b20a2cf4043ed1584d05fb1d4e9fe777ead218ac104497f5c978a4efb4bb_640.jpg,0,elefante
235,ea34b20a2df6063ed1584d05fb1d4e9fe777ead218ac104497f5c97faee8b1b8_640.jpg,1,farfalla
236,ea34b20a2ef5013ed1584d05fb1d4e9fe777ead218ac104497f5c97faeebb5bb_640.jpg,1,farfalla
237,ea34b20b2bfd003ed1584d05fb1d4e9fe777ead218ac104497f5c978a6ebb3bf_640.jpg,4,scoiattolo
238,ea34b20c2ff2073ed1584d05fb1d4e9fe777ead218ac104497f5c978a4efb4bb_640.jpg,0,elefante
239,ea34b20d2af1063ed1584d05fb1d4e9fe777ead218ac104497f5c97faee8b1b8_640.jpg,1,farfalla
240,ea34b20f28f2043ed1584d05fb1d4e9fe777ead218ac104497f5c97faeebb5bb_640.jpg,1,farfalla
241,ea34b3082bf7073ed1584d05fb1d4e9fe777ead218ac104497f5c97faeebb5bb_640.jpg,0,elefante
242,ea34b30e2cf3043ed1584d05fb1d4e9fe777ead218ac104497f5c978a4efbcb0_640.jpg,2,mucca
243,ea34b30e2df4013ed1584d05fb1d4e9fe777ead218ac104497f5c978a4efb4bb_640.jpg,4,scoiattolo
244,ea34b30e2df4093ed1584d05fb1d4e9fe777ead218ac104497f5c978a4efb4bb_640.jpg,0,elefante
245,ea34b30e2ff3093ed1584d05fb1d4e9fe777ead218ac104497f5c978a6e8b0b1_640.jpg,4,scoiattolo
246,ea34b40628f2043ed1584d05fb1d4e9fe777ead218ac104497f5c97faee8b1b8_640.jpg,4,scoiattolo
247,ea34b4072cf0073ed1584d05fb1d4e9fe777ead218ac104497f5c97faeebb5bb_640.jpg,4,scoiattolo
248,ea34b4072efd003ed1584d05fb1d4e9fe777ead218ac104497f5c97faeebb5bb_640.jpg,1,farfalla
249,ea34b40a21fd003ed1584d05fb1d4e9fe777ead218ac104497f5c97faee8b1b8_640.jpg,1,farfalla
250,ea34b40a21fd013ed1584d05fb1d4e9fe777ead218ac104497f5c97faeebb5bb_640.jpg,4,scoiattolo
251,ea34b40a2ef7003ed1584d05fb1d4e9fe777ead218ac104497f5c97faeebb5bb_640.jpg,1,farfalla
252,ea34b40c20f6053ed1584d05fb1d4e9fe777ead218ac104497f5c978a4efbcb0_640.jpg,0,elefante
253,ea34b40d21f0023ed1584d05fb1d4e9fe777ead218ac104497f5c97faeebb5bb_640.jpg,4,scoiattolo
254,ea34b40e2bf5003ed1584d05fb1d4e9fe777ead218ac104497f5c978a4efb4bb_640.jpg,0,elefante
255,ea34b50629f0013ed1584d05fb1d4e9fe777ead218ac104497f5c978a6ebb3bf_640.jpg,0,elefante
256,ea34b5082af3053ed1584d05fb1d4e9fe777ead218ac104497f5c97faeebb5bb_640.jpg,1,farfalla
257,ea34b50a2ef3043ed1584d05fb1d4e9fe777ead218ac104497f5c97faeebb5bb_640.jpg,1,farfalla
258,ea34b50c2bf1083ed1584d05fb1d4e9fe777ead218ac104497f5c978a6e8b0b1_640.jpg,4,scoiattolo
259,ea34b50d29f7003ed1584d05fb1d4e9fe777ead218ac104497f5c97faee8b1b8_640.jpg,4,scoiattolo
260,ea34b50e2cf0083ed1584d05fb1d4e9fe777ead218ac104497f5c978a6eab2b0_640.jpg,0,elefante
261,ea34b6082af0083ed1584d05fb1d4e9fe777ead218ac104497f5c978a4efb4bb_640.jpg,4,scoiattolo
262,ea34b6082ef7073ed1584d05fb1d4e9fe777ead218ac104497f5c978a6ebb3bf_640.jpg,3,pecora
263,ea34b60b2af5033ed1584d05fb1d4e9fe777ead218ac104497f5c978a6e8b0b1_640.jpg,4,scoiattolo
264,ea34b60c29fd003ed1584d05fb1d4e9fe777ead218ac104497f5c978a6e8b0b1_640.jpg,0,elefante
265,ea34b60c29fd033ed1584d05fb1d4e9fe777ead218ac104497f5c978a6e8b0b1_640.jpg,0,elefante
266,ea34b60d20f3033ed1584d05fb1d4e9fe777ead218ac104497f5c97faeebb5bb_640.jpg,1,farfalla
267,ea34b60e21f5043ed1584d05fb1d4e9fe777ead218ac104497f5c97faeebb5bb_640.jpg,1,farfalla
268,ea34b60f20f0033ed1584d05fb1d4e9fe777ead218ac104497f5c978a4eebdbd_640.jpg,0,elefante
269,ea34b70720f7083ed1584d05fb1d4e9fe777ead218ac104497f5c97faee9bdba_640.jpg,1,farfalla
270,ea34b70729fd063ed1584d05fb1d4e9fe777ead218ac104497f5c97faeebb5bb_640.jpg,4,scoiattolo
271,ea34b7082cf41c22d2524518b7444f92e37fe5d404b0144390f8c770a2e9b5_640.jpg,4,scoiattolo
272,ea34b7092ef7043ed1584d05fb1d4e9fe777ead218ac104497f5c978a6e8b0b1_640.jpg,3,pecora
273,ea34b70a20fd083ed1584d05fb1d4e9fe777ead218ac104497f5c97faee8b1b8_640.jpg,1,farfalla
274,ea34b70e2efc033ed1584d05fb1d4e9fe777ead218ac104497f5c97faee8b1b8_640.jpg,1,farfalla
275,ea34b70e2efc053ed1584d05fb1d4e9fe777ead218ac104497f5c97faeebb5bb_640.jpg,1,farfalla
276,ea34b80629f5013ed1584d05fb1d4e9fe777ead218ac104497f5c978a6ebb3bf_640.jpg,4,scoiattolo
277,ea34b8062ff2073ed1584d05fb1d4e9fe777ead218ac104497f5c97faee8b1b8_640.jpg,1,farfalla
278,ea34b80820f1003ed1584d05fb1d4e9fe777ead218ac104497f5c97faee8b1b8_640.jpg,1,farfalla
279,ea34b80820fd013ed1584d05fb1d4e9fe777ead218ac104497f5c97faee8b1b8_640.jpg,1,farfalla
280,ea34b80920f1063ed1584d05fb1d4e9fe777ead218ac104497f5c97faeebb5bb_640.jpg,1,farfalla
281,ea34b80920f7093ed1584d05fb1d4e9fe777ead218ac104497f5c97faee8b1b8_640.jpg,1,farfalla
282,ea34b80b2cfc093ed1584d05fb1d4e9fe777ead218ac104497f5c97faee8b1b8_640.jpg,1,farfalla
283,ea34b80c2ef2083ed1584d05fb1d4e9fe777ead218ac104497f5c978a4efb4bb_640.jpg,0,elefante
284,ea34b90629f3043ed1584d05fb1d4e9fe777ead218ac104497f5c97faeebb5bb_640.jpg,1,farfalla
285,ea34b9062cf5003ed1584d05fb1d4e9fe777ead218ac104497f5c978a6ebb3bf_640.jpg,3,pecora
286,ea34b90728f2093ed1584d05fb1d4e9fe777ead218ac104497f5c978a6ebb3bf_640.jpg,4,scoiattolo
287,ea34b9092bf6063ed1584d05fb1d4e9fe777ead218ac104497f5c97faeebb5bb_640.jpg,1,farfalla
288,ea34b90b21f7063ed1584d05fb1d4e9fe777ead218ac104497f5c978a4efb4bb_640.jpg,4,scoiattolo
289,ea34b90b28fd093ed1584d05fb1d4e9fe777ead218ac104497f5c97faee8b1b8_640.jpg,1,farfalla
290,ea34b90b29f7053ed1584d05fb1d4e9fe777ead218ac104497f5c97faee8b1b8_640.jpg,1,farfalla
291,ea34b90b29fd073ed1584d05fb1d4e9fe777ead218ac104497f5c97faeebb5bb_640.jpg,1,farfalla
292,ea34b90b2bf3033ed1584d05fb1d4e9fe777ead218ac104497f5c97faee8b1b8_640.jpg,1,farfalla
293,ea34b90b2bf7063ed1584d05fb1d4e9fe777ead218ac104497f5c97faee9bdba_640.jpg,1,farfalla
294,ea34b90d2cf1003ed1584d05fb1d4e9fe777ead218ac104497f5c97faee8b1b8_640.jpg,4,scoiattolo
295,ea34b90e20f1063ed1584d05fb1d4e9fe777ead218ac104497f5c97faeebb5bb_640.jpg,1,farfalla
296,ea34b90e20f6073ed1584d05fb1d4e9fe777ead218ac104497f5c97faee9bdba_640.jpg,1,farfalla
297,ea34b90e20f7003ed1584d05fb1d4e9fe777ead218ac104497f5c97faee9bdba_640.jpg,1,farfalla
298,ea34b90e2df0073ed1584d05fb1d4e9fe777ead218ac104497f5c978a6e8b0b1_640.jpg,3,pecora
299,ea34b90e2ff3003ed1584d05fb1d4e9fe777ead218ac104497f5c97faee9bdba_640.jpg,4,scoiattolo
300,ea35b00c2af5073ed1584d05fb1d4e9fe777ead218ac104497f5c978a4eebdbd_640.jpg,0,elefante
301,ea35b1062cfc013ed1584d05fb1d4e9fe777ead218ac104497f5c978a6ebb3bf_640.jpg,4,scoiattolo
302,ea35b20620f3053ed1584d05fb1d4e9fe777ead218ac104497f5c978a4efbcb0_640.jpg,0,elefante
303,ea35b2062bf5033ed1584d05fb1d4e9fe777ead218ac104497f5c97faeebb5bb_640.jpg,4,scoiattolo
304,ea35b2062ef2073ed1584d05fb1d4e9fe777ead218ac104497f5c978a6e8b0b1_640.jpg,3,pecora
305,ea35b20720f4043ed1584d05fb1d4e9fe777ead218ac104497f5c978a6ebb3bf_640.jpg,4,scoiattolo
306,ea35b20a2bf7023ed1584d05fb1d4e9fe777ead218ac104497f5c978a4efb4bb_640.jpg,0,elefante
307,ea35b20a2bf7053ed1584d05fb1d4e9fe777ead218ac104497f5c978a4efbcb0_640.jpg,0,elefante
308,ea35b20a2bf7063ed1584d05fb1d4e9fe777ead218ac104497f5c978a4efbcb0_640.jpg,0,elefante
309,ea35b20c2dfd003ed1584d05fb1d4e9fe777ead218ac104497f5c978a4eebdbd_640.jpg,0,elefante
310,ea35b20e29f5043ed1584d05fb1d4e9fe777ead218ac104497f5c978a4efbcb0_640.jpg,0,elefante
311,ea35b30729f2073ed1584d05fb1d4e9fe777ead218ac104497f5c97faeebb5bb_640.jpg,1,farfalla
312,ea35b30a20f2073ed1584d05fb1d4e9fe777ead218ac104497f5c978a6e8b0b1_640.jpg,2,mucca
313,ea35b30c2df6013ed1584d05fb1d4e9fe777ead218ac104497f5c978a6e8b0b1_640.jpg,4,scoiattolo
314,ea35b30d2ffd013ed1584d05fb1d4e9fe777ead218ac104497f5c978a4efbcb0_640.jpg,0,elefante
315,ea35b30e2ff5033ed1584d05fb1d4e9fe777ead218ac104497f5c978a4eebdbd_640.jpg,0,elefante
316,ea35b40b2ff7073ed1584d05fb1d4e9fe777ead218ac104497f5c97faee9bdba_640.jpg,1,farfalla
317,ea35b40c2df0043ed1584d05fb1d4e9fe777ead218ac104497f5c97faee8b1b8_640.jpg,1,farfalla
318,ea35b40f2ef6013ed1584d05fb1d4e9fe777ead218ac104497f5c97faeebb5bb_640.jpg,1,farfalla
319,ea35b50829f5073ed1584d05fb1d4e9fe777ead218ac104497f5c978a4efbcb0_640.jpg,4,scoiattolo
320,ea35b5082af4013ed1584d05fb1d4e9fe777ead218ac104497f5c978a4efbcb0_640.jpg,0,elefante
321,ea35b5092bf2033ed1584d05fb1d4e9fe777ead218ac104497f5c97faee8b1b8_640.jpg,1,farfalla
322,ea35b50b29f6003ed1584d05fb1d4e9fe777ead218ac104497f5c97faee9bdba_640.png,1,farfalla
323,ea35b50c2ffd013ed1584d05fb1d4e9fe777ead218ac104497f5c97faeebb5bb_640.jpg,4,scoiattolo
324,ea35b50d2df2093ed1584d05fb1d4e9fe777ead218ac104497f5c978a6ebb3bf_640.jpg,4,scoiattolo
325,ea35b50e2bf6033ed1584d05fb1d4e9fe777ead218ac104497f5c97faee8b1b8_640.jpg,4,scoiattolo
326,ea35b60821f5083ed1584d05fb1d4e9fe777ead218ac104497f5c978a4efb4bb_640.jpg,4,scoiattolo
327,ea35b6082bf6083ed1584d05fb1d4e9fe777ead218ac104497f5c978a6ebb3bf_640.jpg,4,scoiattolo
328,ea35b6082ef7043ed1584d05fb1d4e9fe777ead218ac104497f5c978a4efbcb0_640.jpg,2,mucca
329,ea35b60920f6013ed1584d05fb1d4e9fe777ead218ac104497f5c978a6ebb3bf_640.jpg,4,scoiattolo
330,ea35b60a21f0043ed1584d05fb1d4e9fe777ead218ac104497f5c978a4efbcb0_640.jpg,0,elefante
331,ea35b60a2ff7073ed1584d05fb1d4e9fe777ead218ac104497f5c978a4efbcb0_640.jpg,3,pecora
332,ea35b60e2bfc043ed1584d05fb1d4e9fe777ead218ac104497f5c978a4efbcb0_640.jpg,3,pecora
333,ea35b7062afc083ed1584d05fb1d4e9fe777ead218ac104497f5c978a4efbcb0_640.jpg,0,elefante
334,ea35b7072bfc033ed1584d05fb1d4e9fe777ead218ac104497f5c978a6ebb3bf_640.jpg,4,scoiattolo
335,ea35b7072cf3083ed1584d05fb1d4e9fe777ead218ac104497f5c978a6e8b0b1_640.jpg,4,scoiattolo
336,ea35b70820f2033ed1584d05fb1d4e9fe777ead218ac104497f5c978a6ebb3bf_640.jpg,3,pecora
337,ea35b70820f3043ed1584d05fb1d4e9fe777ead218ac104497f5c978a6ebb3bf_640.jpg,4,scoiattolo
338,ea35b7082efd063ed1584d05fb1d4e9fe777ead218ac104497f5c97faeebb5bb_640.jpg,4,scoiattolo
339,ea35b70b20fc083ed1584d05fb1d4e9fe777ead218ac104497f5c978a4eebdbd_640.jpg,0,elefante
340,ea35b70b2ff7043ed1584d05fb1d4e9fe777ead218ac104497f5c978a6e8b0b1_640.jpg,4,scoiattolo
341,ea35b70f20f2023ed1584d05fb1d4e9fe777ead218ac104497f5c978a6eab2b0_640.jpg,3,pecora
342,ea35b70f2df6073ed1584d05fb1d4e9fe777ead218ac104497f5c978a4efb4bb_640.jpg,0,elefante
343,ea35b70f2ff0063ed1584d05fb1d4e9fe777ead218ac104497f5c978a6e8b0b1_640.jpg,3,pecora
344,ea35b80620f6013ed1584d05fb1d4e9fe777ead218ac104497f5c978a6ebb3bf_640.jpg,4,scoiattolo
345,ea35b8062df1063ed1584d05fb1d4e9fe777ead218ac104497f5c97faeebb5bb_640.jpg,4,scoiattolo
346,ea35b8072ff1043ed1584d05fb1d4e9fe777ead218ac104497f5c978a6ebb3bf_640.jpg,2,mucca
347,ea35b80a2df1033ed1584d05fb1d4e9fe777ead218ac104497f5c978a4efb4bb_640.png,1,farfalla
348,ea35b80a2df1043ed1584d05fb1d4e9fe777ead218ac104497f5c978a4efb4bb_640.png,1,farfalla
349,ea35b80a2df1053ed1584d05fb1d4e9fe777ead218ac104497f5c978a4efb4bb_640.png,1,farfalla
350,ea35b80a2ef1043ed1584d05fb1d4e9fe777ead218ac104497f5c97faeebb5bb_640.jpg,1,farfalla
351,ea35b80c28f3003ed1584d05fb1d4e9fe777ead218ac104497f5c978a4efbcb0_640.jpg,0,elefante
352,ea35b80c28f3013ed1584d05fb1d4e9fe777ead218ac104497f5c978a4efbcb0_640.jpg,0,elefante
353,ea35b80c28fd063ed1584d05fb1d4e9fe777ead218ac104497f5c978a4efb4bb_640.jpg,0,elefante
354,ea35b80c28fd073ed1584d05fb1d4e9fe777ead218ac104497f5c978a4efb4bb_640.jpg,0,elefante
355,ea35b80c29f4033ed1584d05fb1d4e9fe777ead218ac104497f5c978a4eebdbd_640.jpg,0,elefante
356,ea35b80c2df2063ed1584d05fb1d4e9fe777ead218ac104497f5c978a4efb4bb_640.jpg,3,pecora
357,ea35b80c2df2073ed1584d05fb1d4e9fe777ead218ac104497f5c978a4efbcb0_640.jpg,4,scoiattolo
358,ea35b80d2cf6013ed1584d05fb1d4e9fe777ead218ac104497f5c978a6ebb3bf_640.jpg,4,scoiattolo
359,ea35b9082bf5053ed1584d05fb1d4e9fe777ead218ac104497f5c978a4efbcb0_640.jpg,4,scoiattolo
360,ea35b90a2cf4093ed1584d05fb1d4e9fe777ead218ac104497f5c978a4eebdbd_640.jpg,0,elefante
361,ea35b90b29fd073ed1584d05fb1d4e9fe777ead218ac104497f5c978a4efb4bb_640.jpg,0,elefante
362,ea35b90d2ef3023ed1584d05fb1d4e9fe777ead218ac104497f5c978a6ebb3bf_640.jpg,3,pecora
363,ea35b90f21f1003ed1584d05fb1d4e9fe777ead218ac104497f5c978a6e8b0b1_640.jpg,2,mucca
364,ea35b90f21f3043ed1584d05fb1d4e9fe777ead218ac104497f5c978a6e8b0b1_640.jpg,4,scoiattolo
365,ea36b00620f2033ed1584d05fb1d4e9fe777ead218ac104497f5c97faee9bdba_640.jpg,1,farfalla
366,ea36b00729fc033ed1584d05fb1d4e9fe777ead218ac104497f5c97faee8b1b8_640.jpg,1,farfalla
367,ea36b0072ef6053ed1584d05fb1d4e9fe777ead218ac104497f5c97faee8b1b8_640.jpg,1,farfalla
368,ea36b0082af5053ed1584d05fb1d4e9fe777ead218ac104497f5c97faee8b1b8_640.jpg,4,scoiattolo
369,ea36b0092bfd073ed1584d05fb1d4e9fe777ead218ac104497f5c97faee8b1b8_640.jpg,1,farfalla
370,ea36b00a28f1043ed1584d05fb1d4e9fe777ead218ac104497f5c97faee9bdba_640.jpg,1,farfalla
371,ea36b00a2af3023ed1584d05fb1d4e9fe777ead218ac104497f5c97faee8b1b8_640.jpg,4,scoiattolo
372,ea36b00b2ff6043ed1584d05fb1d4e9fe777ead218ac104497f5c978a4efb4bb_640.jpg,0,elefante
373,ea36b00d29f4033ed1584d05fb1d4e9fe777ead218ac104497f5c97faee8b1b8_640.jpg,1,farfalla
374,ea36b00d2af2013ed1584d05fb1d4e9fe777ead218ac104497f5c97faee8b1b8_640.jpg,4,scoiattolo
375,ea36b00d2bf4003ed1584d05fb1d4e9fe777ead218ac104497f5c97faee8b1b8_640.jpg,1,farfalla
376,ea36b00d2bf5083ed1584d05fb1d4e9fe777ead218ac104497f5c97faeebb5bb_640.jpg,1,farfalla
377,ea36b00d2bf6023ed1584d05fb1d4e9fe777ead218ac104497f5c97faee8b1b8_640.jpg,1,farfalla
378,ea36b00d2dfd013ed1584d05fb1d4e9fe777ead218ac104497f5c97faeebb5bb_640.jpg,1,farfalla
379,ea36b00e20f1013ed1584d05fb1d4e9fe777ead218ac104497f5c978a4efb4bb_640.jpg,0,elefante
380,ea36b00f2ff3003ed1584d05fb1d4e9fe777ead218ac104497f5c97faeebb5bb_640.jpg,1,farfalla
381,ea36b10821f31c22d2524518b7444f92e37fe5d404b0144390f8c078a2e8bc_640.jpg,3,pecora
382,ea36b10a29f4083ed1584d05fb1d4e9fe777ead218ac104497f5c978a6e8b0b1_640.jpg,2,mucca
383,ea36b10a2af0053ed1584d05fb1d4e9fe777ead218ac104497f5c978a4efb4bb_640.jpg,0,elefante
384,ea36b10a2bf5063ed1584d05fb1d4e9fe777ead218ac104497f5c978a6ebb3bf_640.jpg,3,pecora
385,ea36b10a2bf5093ed1584d05fb1d4e9fe777ead218ac104497f5c978a6e8b0b1_640.jpg,1,farfalla
386,ea36b10a2df5093ed1584d05fb1d4e9fe777ead218ac104497f5c97faeebb5bb_640.jpg,4,scoiattolo
387,ea36b10b2df3023ed1584d05fb1d4e9fe777ead218ac104497f5c97faee9bdba_640.jpg,1,farfalla
388,ea36b10b2df3043ed1584d05fb1d4e9fe777ead218ac104497f5c97faee9bdba_640.jpg,1,farfalla
389,ea36b10b2df3053ed1584d05fb1d4e9fe777ead218ac104497f5c97faee9bdba_640.jpg,4,scoiattolo
390,ea36b10b2df3073ed1584d05fb1d4e9fe777ead218ac104497f5c97faee9bdba_640.jpg,1,farfalla
391,ea36b10c20fd073ed1584d05fb1d4e9fe777ead218ac104497f5c97faee8b1b8_640.jpg,4,scoiattolo
392,ea36b10c2cfd043ed1584d05fb1d4e9fe777ead218ac104497f5c978a4efbcb0_640.jpg,0,elefante
393,ea36b10c2cfd063ed1584d05fb1d4e9fe777ead218ac104497f5c978a4efbcb0_640.jpg,4,scoiattolo
394,ea36b10d21f6053ed1584d05fb1d4e9fe777ead218ac104497f5c97faee8b1b8_640.jpg,1,farfalla
395,ea36b10d2af4063ed1584d05fb1d4e9fe777ead218ac104497f5c97faeebb5bb_640.jpg,1,farfalla
396,ea36b10d2df3023ed1584d05fb1d4e9fe777ead218ac104497f5c978a6e8b0b1_640.jpg,3,pecora
397,ea36b10d2df3043ed1584d05fb1d4e9fe777ead218ac104497f5c978a6e8b0b1_640.jpg,4,scoiattolo
398,ea36b10e21f5093ed1584d05fb1d4e9fe777ead218ac104497f5c978a6e8b0b1_640.jpg,0,elefante
399,ea36b10e2af0023ed1584d05fb1d4e9fe777ead218ac104497f5c97faee8b1b8_640.jpg,1,farfalla
400,ea36b10f2af6043ed1584d05fb1d4e9fe777ead218ac104497f5c97faee8b1b8_640.jpg,1,farfalla
401,ea36b20621f0013ed1584d05fb1d4e9fe777ead218ac104497f5c978a6e8b0b1_640.jpg,0,elefante
402,ea36b20621f2023ed1584d05fb1d4e9fe777ead218ac104497f5c978a6e8b0b1_640.jpg,3,pecora
403,ea36b2092df1093ed1584d05fb1d4e9fe777ead218ac104497f5c978a6e8b0b1_640.jpg,0,elefante
404,ea36b20a2cf4083ed1584d05fb1d4e9fe777ead218ac104497f5c978a4efb4bb_640.jpg,0,elefante
405,ea36b20b21f1093ed1584d05fb1d4e9fe777ead218ac104497f5c97faee9bdba_640.jpg,1,farfalla
406,ea36b20b28f6073ed1584d05fb1d4e9fe777ead218ac104497f5c97faee9bdba_640.jpg,4,scoiattolo
407,ea36b20b2df4053ed1584d05fb1d4e9fe777ead218ac104497f5c97faee9bdba_640.jpg,4,scoiattolo
408,ea36b20b2ef1073ed1584d05fb1d4e9fe777ead218ac104497f5c978a4efb4bb_640.jpg,0,elefante
409,ea36b20b2ff5013ed1584d05fb1d4e9fe777ead218ac104497f5c97faee8b1b8_640.jpg,1,farfalla
410,ea36b20c21f0093ed1584d05fb1d4e9fe777ead218ac104497f5c97faee9bdba_640.jpg,4,scoiattolo
411,ea36b20c21f1073ed1584d05fb1d4e9fe777ead218ac104497f5c97faee9bdba_640.jpg,1,farfalla
412,ea36b20c21f4013ed1584d05fb1d4e9fe777ead218ac104497f5c97faee9bdba_640.jpg,4,scoiattolo
413,ea36b20c29f3063ed1584d05fb1d4e9fe777ead218ac104497f5c97faee9bdba_640.jpg,4,scoiattolo
414,ea36b20c29f3073ed1584d05fb1d4e9fe777ead218ac104497f5c97faee9bdba_640.jpg,1,farfalla
415,ea36b20c29f3083ed1584d05fb1d4e9fe777ead218ac104497f5c97faee9bdba_640.jpg,1,farfalla
416,ea36b20c29fc003ed1584d05fb1d4e9fe777ead218ac104497f5c97faee9bdba_640.jpg,1,farfalla
417,ea36b20c29fc033ed1584d05fb1d4e9fe777ead218ac104497f5c97faee9bdba_640.jpg,1,farfalla
418,ea36b20d2bf6083ed1584d05fb1d4e9fe777ead218ac104497f5c97faeebb5bb_640.jpg,4,scoiattolo
419,ea36b20e20f5023ed1584d05fb1d4e9fe777ead218ac104497f5c97faee9bdba_640.jpg,1,farfalla
420,ea36b20e29f1083ed1584d05fb1d4e9fe777ead218ac104497f5c97faee8b1b8_640.jpg,1,farfalla
421,ea36b20e2efc083ed1584d05fb1d4e9fe777ead218ac104497f5c978a6e8b0b1_640.jpg,3,pecora
422,ea36b20f21f3043ed1584d05fb1d4e9fe777ead218ac104497f5c97faee8b1b8_640.jpg,1,farfalla
423,ea36b20f21f3063ed1584d05fb1d4e9fe777ead218ac104497f5c97faeebb5bb_640.jpg,1,farfalla
424,ea36b20f29f1093ed1584d05fb1d4e9fe777ead218ac104497f5c978a6e8b0b1_640.jpg,4,scoiattolo
425,ea36b3062af3053ed1584d05fb1d4e9fe777ead218ac104497f5c978a6e8b0b1_640.jpg,3,pecora
426,ea36b30820f1023ed1584d05fb1d4e9fe777ead218ac104497f5c978a6e8b0b1_640.jpg,4,scoiattolo
427,ea36b3082ff2063ed1584d05fb1d4e9fe777ead218ac104497f5c978a6e8b0b1_640.jpg,3,pecora
428,ea36b3082ff2083ed1584d05fb1d4e9fe777ead218ac104497f5c978a6e8b0b1_640.jpg,2,mucca
429,ea36b30a20f0033ed1584d05fb1d4e9fe777ead218ac104497f5c97faee9bdba_640.jpg,1,farfalla
430,ea36b30a20f7003ed1584d05fb1d4e9fe777ead218ac104497f5c97faee9bdba_640.jpg,1,farfalla
431,ea36b30a21f2093ed1584d05fb1d4e9fe777ead218ac104497f5c978a4efb4bb_640.jpg,4,scoiattolo
432,ea36b30a21f3043ed1584d05fb1d4e9fe777ead218ac104497f5c978a4efb4bb_640.jpg,0,elefante
433,ea36b30a2af3053ed1584d05fb1d4e9fe777ead218ac104497f5c978a4efb4bb_640.jpg,0,elefante
434,ea36b30a2bf5013ed1584d05fb1d4e9fe777ead218ac104497f5c978a4efb4bb_640.jpg,0,elefante
435,ea36b30a2bf5033ed1584d05fb1d4e9fe777ead218ac104497f5c978a4efb4bb_640.jpg,0,elefante
436,ea36b30b21f0083ed1584d05fb1d4e9fe777ead218ac104497f5c97faeebb5bb_640.jpg,1,farfalla
437,ea36b30b21f0093ed1584d05fb1d4e9fe777ead218ac104497f5c97faee8b1b8_640.jpg,1,farfalla
438,ea36b30c2ef2053ed1584d05fb1d4e9fe777ead218ac104497f5c97faee8b1b8_640.jpg,1,farfalla
439,ea36b30d21f0053ed1584d05fb1d4e9fe777ead218ac104497f5c97faee8b1b8_640.jpg,4,scoiattolo
440,ea36b30e20fc063ed1584d05fb1d4e9fe777ead218ac104497f5c97faee8b1b8_640.jpg,1,farfalla
441,ea36b30e2bf2083ed1584d05fb1d4e9fe777ead218ac104497f5c97faee8b1b8_640.jpg,1,farfalla
442,ea36b30e2cfd093ed1584d05fb1d4e9fe777ead218ac104497f5c978a6e8b0b1_640.jpg,2,mucca
443,ea36b30e2ef6053ed1584d05fb1d4e9fe777ead218ac104497f5c97faee8b1b8_640.jpg,1,farfalla
444,ea36b30f28f1053ed1584d05fb1d4e9fe777ead218ac104497f5c978a6e8b0b1_640.jpg,4,scoiattolo
445,ea36b30f2bfc053ed1584d05fb1d4e9fe777ead218ac104497f5c97faee9bdba_640.jpg,1,farfalla
446,ea36b30f2cf0083ed1584d05fb1d4e9fe777ead218ac104497f5c97faee8b1b8_640.jpg,1,farfalla
447,ea36b30f2cf1013ed1584d05fb1d4e9fe777ead218ac104497f5c97faee9bdba_640.jpg,1,farfalla
448,ea36b30f2cfd083ed1584d05fb1d4e9fe777ead218ac104497f5c97faee9bdba_640.jpg,1,farfalla
449,ea36b30f2ef3013ed1584d05fb1d4e9fe777ead218ac104497f5c97faee9bdba_640.jpg,1,farfalla
450,ea36b40728f0043ed1584d05fb1d4e9fe777ead218ac104497f5c978a6e8b0b1_640.jpg,4,scoiattolo
451,ea36b4082ef3053ed1584d05fb1d4e9fe777ead218ac104497f5c978a6e8b0b1_640.jpg,0,elefante
452,ea36b40921fd013ed1584d05fb1d4e9fe777ead218ac104497f5c978a6e8b0b1_640.jpg,4,scoiattolo
453,ea36b40a21f6043ed1584d05fb1d4e9fe777ead218ac104497f5c97faee9bdba_640.jpg,1,farfalla
454,ea36b40a2ef5073ed1584d05fb1d4e9fe777ead218ac104497f5c97faee9bdba_640.jpg,1,farfalla
455,ea36b40a2ff0063ed1584d05fb1d4e9fe777ead218ac104497f5c97faeebb5bb_640.jpg,4,scoiattolo
456,ea36b40d2ef5053ed1584d05fb1d4e9fe777ead218ac104497f5c97faee9bdba_640.jpg,1,farfalla
457,ea36b40e28f7013ed1584d05fb1d4e9fe777ead218ac104497f5c97faee9bdba_640.jpg,1,farfalla
458,ea36b40e2efc043ed1584d05fb1d4e9fe777ead218ac104497f5c97faee8b1b8_640.jpg,1,farfalla
459,ea36b40f2af4093ed1584d05fb1d4e9fe777ead218ac104497f5c97faeebb5bb_640.jpg,1,farfalla
460,ea36b40f2bfd033ed1584d05fb1d4e9fe777ead218ac104497f5c97faee9bdba_640.jpg,4,scoiattolo
461,ea36b50721f0053ed1584d05fb1d4e9fe777ead218ac104497f5c978a6e8b0b1_640.jpg,4,scoiattolo
462,ea36b50721f1013ed1584d05fb1d4e9fe777ead218ac104497f5c978a6e8b0b1_640.jpg,1,farfalla
463,ea36b50721f1073ed1584d05fb1d4e9fe777ead218ac104497f5c978a6e8b0b1_640.jpg,3,pecora
464,ea36b50721f7003ed1584d05fb1d4e9fe777ead218ac104497f5c978a6e8b0b1_640.jpg,3,pecora
465,ea36b50721f7053ed1584d05fb1d4e9fe777ead218ac104497f5c978a6e8b0b1_640.jpg,4,scoiattolo
466,ea36b50821fd093ed1584d05fb1d4e9fe777ead218ac104497f5c978a6ebb3bf_640.jpg,3,pecora
467,ea36b50a2ef1063ed1584d05fb1d4e9fe777ead218ac104497f5c97faee9bdba_640.jpg,1,farfalla
468,ea36b50a2ef2023ed1584d05fb1d4e9fe777ead218ac104497f5c97faee9bdba_640.jpg,4,scoiattolo
469,ea36b50a2ef2033ed1584d05fb1d4e9fe777ead218ac104497f5c97faee9bdba_640.jpg,1,farfalla
470,ea36b50b2ef3013ed1584d05fb1d4e9fe777ead218ac104497f5c97faee8b1b8_640.jpg,4,scoiattolo
471,ea36b50c2af0013ed1584d05fb1d4e9fe777ead218ac104497f5c97faee8b1b8_640.jpg,0,elefante
472,ea36b50c2df3023ed1584d05fb1d4e9fe777ead218ac104497f5c97faee8b1b8_640.jpg,4,scoiattolo
473,ea36b50c2ef7003ed1584d05fb1d4e9fe777ead218ac104497f5c97faee9bdba_640.jpg,4,scoiattolo
474,ea36b50c2ff4053ed1584d05fb1d4e9fe777ead218ac104497f5c97faee8b1b8_640.jpg,4,scoiattolo
475,ea36b50e2afc053ed1584d05fb1d4e9fe777ead218ac104497f5c978a6e8b0b1_640.jpg,4,scoiattolo
476,ea36b50e2ef5033ed1584d05fb1d4e9fe777ead218ac104497f5c978a6e8b0b1_640.jpg,3,pecora
477,ea36b50e2ef5093ed1584d05fb1d4e9fe777ead218ac104497f5c978a6e8b0b1_640.jpg,3,pecora
478,ea36b50f2cfc063ed1584d05fb1d4e9fe777ead218ac104497f5c97faee9bdba_640.png,1,farfalla
479,ea36b6062df3093ed1584d05fb1d4e9fe777ead218ac104497f5c978a6e8b0b1_640.jpg,0,elefante
480,ea36b60a2bf6063ed1584d05fb1d4e9fe777ead218ac104497f5c978a6e8b0b1_640.jpg,0,elefante
481,ea36b60b20fc063ed1584d05fb1d4e9fe777ead218ac104497f5c97faee9bdba_640.jpg,1,farfalla
482,ea36b60b21f5033ed1584d05fb1d4e9fe777ead218ac104497f5c97faee9bdba_640.jpg,4,scoiattolo
483,ea36b60b21f7013ed1584d05fb1d4e9fe777ead218ac104497f5c97faee9bdba_640.jpg,1,farfalla
484,ea36b60b2bf4083ed1584d05fb1d4e9fe777ead218ac104497f5c97faee9bdba_640.jpg,1,farfalla
485,ea36b60b2ef5063ed1584d05fb1d4e9fe777ead218ac104497f5c97faee9bdba_640.jpg,1,farfalla
486,ea36b60c2af1043ed1584d05fb1d4e9fe777ead218ac104497f5c97faee9bdba_640.jpg,1,farfalla
487,ea36b60d2afd023ed1584d05fb1d4e9fe777ead218ac104497f5c978a6e8b0b1_640.jpg,3,pecora
488,ea36b60d2df7073ed1584d05fb1d4e9fe777ead218ac104497f5c97faee9bdba_640.jpg,1,farfalla
489,ea36b60e20fd003ed1584d05fb1d4e9fe777ead218ac104497f5c978a6e8b0b1_640.jpg,4,scoiattolo
490,ea36b60e2dfc033ed1584d05fb1d4e9fe777ead218ac104497f5c97faee9bdba_640.jpg,1,farfalla
491,ea36b60e2dfd003ed1584d05fb1d4e9fe777ead218ac104497f5c97faee9bdba_640.jpg,1,farfalla
492,ea36b60e2ef4033ed1584d05fb1d4e9fe777ead218ac104497f5c97faee9bdba_640.jpg,1,farfalla
493,ea36b60e2ef5003ed1584d05fb1d4e9fe777ead218ac104497f5c97faee9bdba_640.jpg,1,farfalla
494,ea36b60f21f1033ed1584d05fb1d4e9fe777ead218ac104497f5c978a6e8b0b1_640.jpg,3,pecora
495,ea36b60f2af4013ed1584d05fb1d4e9fe777ead218ac104497f5c97faee9bdba_640.jpg,4,scoiattolo
496,ea36b70828f7083ed1584d05fb1d4e9fe777ead218ac104497f5c978a6e8b0b1_640.jpg,0,elefante
497,ea36b70c2cfd043ed1584d05fb1d4e9fe777ead218ac104497f5c978a6e8b0b1_640.jpg,0,elefante
498,ea36b70c2cfd063ed1584d05fb1d4e9fe777ead218ac104497f5c978a6e8b0b1_640.jpg,4,scoiattolo
499,ea36b70c2ef4003ed1584d05fb1d4e9fe777ead218ac104497f5c978a6e8b0b1_640.jpg,3,pecora
500,ea36b70c2ef5083ed1584d05fb1d4e9fe777ead218ac104497f5c97faee9bdba_640.jpg,4,scoiattolo
501,ea36b70c2ff5063ed1584d05fb1d4e9fe777ead218ac104497f5c97faee9bdba_640.jpg,1,farfalla
502,ea36b70d2efd063ed1584d05fb1d4e9fe777ead218ac104497f5c97faee9bdba_640.jpg,1,farfalla
503,ea36b70e2af2003ed1584d05fb1d4e9fe777ead218ac104497f5c97faee9bdba_640.jpg,1,farfalla
504,ea36b70f29f2013ed1584d05fb1d4e9fe777ead218ac104497f5c978a6e8b0b1_640.jpg,0,elefante
505,ea36b90c2cf3013ed1584d05fb1d4e9fe777ead218ac104497f5c97faee9bdba_640.jpg,1,farfalla
506,ea36b90c2cf3053ed1584d05fb1d4e9fe777ead218ac104497f5c97faee9bdba_640.jpg,4,scoiattolo
507,ea36b90d2cf5093ed1584d05fb1d4e9fe777ead218ac104497f5c97faee9bdba_640.jpg,1,farfalla
508,ea36b90d2cf6013ed1584d05fb1d4e9fe777ead218ac104497f5c97faee9bdba_640.jpg,1,farfalla
509,ea36b90d2ff1093ed1584d05fb1d4e9fe777ead218ac104497f5c97faee9bdba_640.jpg,4,scoiattolo
510,ea37b00629f3033ed1584d05fb1d4e9fe777ead218ac104497f5c978a6e8b0b1_640.jpg,4,scoiattolo
511,ea37b0072bf1043ed1584d05fb1d4e9fe777ead218ac104497f5c978a6ebb3bf_640.jpg,4,scoiattolo
512,ea37b0082af3013ed1584d05fb1d4e9fe777ead218ac104497f5c978a6e8b0b1_640.jpg,4,scoiattolo
513,ea37b10f2efc073ed1584d05fb1d4e9fe777ead218ac104497f5c978a6eab2b0_640.jpg,3,pecora
514,ea37b20f2ef01c22d2524518b7444f92e37fe5d404b0144390f8c078a1ebb2_640.jpg,4,scoiattolo
515,ea37b4072bfc013ed1584d05fb1d4e9fe777ead218ac104497f5c978a6e8b0b1_640.jpg,3,pecora
516,ea37b40b2ef5013ed1584d05fb1d4e9fe777ead218ac104497f5c978a6e8b0b1_640.jpg,4,scoiattolo
517,ea37b40b2ff6043ed1584d05fb1d4e9fe777ead218ac104497f5c978a6e8b0b1_640.jpg,3,pecora
518,ea37b40b2ff6093ed1584d05fb1d4e9fe777ead218ac104497f5c978a6e8b0b1_640.jpg,0,elefante
519,ea37b40e2cf4003ed1584d05fb1d4e9fe777ead218ac104497f5c978a6e8b0b1_640.jpg,3,pecora
520,ea37b40f2afd043ed1584d05fb1d4e9fe777ead218ac104497f5c978a6ebb3bf_640.jpg,4,scoiattolo
521,ea37b5092ff5083ed1584d05fb1d4e9fe777ead218ac104497f5c978a6e8b0b1_640.jpg,0,elefante
522,ea37b50a29f2053ed1584d05fb1d4e9fe777ead218ac104497f5c978a6e8b0b1_640.jpg,0,elefante
523,ea37b60d2cf2063ed1584d05fb1d4e9fe777ead218ac104497f5c978a6e8b0b1_640.jpg,4,scoiattolo
524,ea37b60d2ef1043ed1584d05fb1d4e9fe777ead218ac104497f5c978a6e8b0b1_640.jpg,3,pecora
525,ea37b70c2af4093ed1584d05fb1d4e9fe777ead218ac104497f5c978a6e8b0b1_640.jpg,3,pecora
526,ea37b70c2af5043ed1584d05fb1d4e9fe777ead218ac104497f5c978a6e8b0b1_640.jpg,3,pecora
527,ea37b70c2af6013ed1584d05fb1d4e9fe777ead218ac104497f5c978a6e8b0b1_640.jpg,0,elefante
528,ea37b70e2bfd083ed1584d05fb1d4e9fe777ead218ac104497f5c978a6e8b0b1_640.jpg,3,pecora
529,ea37b80a2cf3033ed1584d05fb1d4e9fe777ead218ac104497f5c978a6e8b0b1_640.jpg,4,scoiattolo
530,ea37b80b20f0023ed1584d05fb1d4e9fe777ead218ac104497f5c978a6e8b0b1_640.jpg,0,elefante
531,ea37b80b20f5003ed1584d05fb1d4e9fe777ead218ac104497f5c978a6e8b0b1_640.jpg,3,pecora
532,ea37b80f2af5003ed1584d05fb1d4e9fe777ead218ac104497f5c978a6e8b0b1_640.jpg,3,pecora
533,ea37b90b2dfd063ed1584d05fb1d4e9fe777ead218ac104497f5c978a6e8b0b1_640.jpg,3,pecora
534,ea37b90b2dfd083ed1584d05fb1d4e9fe777ead218ac104497f5c978a6e8b0b1_640.jpg,3,pecora
535,ea37b90b2ef4023ed1584d05fb1d4e9fe777ead218ac104497f5c978a6e8b0b1_640.jpg,4,scoiattolo
536,ea37b90b2ef4073ed1584d05fb1d4e9fe777ead218ac104497f5c978a6e8b0b1_640.jpg,3,pecora
537,ea3db50928fc1c22d2524518b7444f92e37fe5d404b0144390f8c078a1ebb2_640.jpg,4,scoiattolo
538,OIP-__wtYf6sbvlOlMBMHyA3OAAAAA.jpeg,0,elefante
539,OIP-_01xh7qI0nvypZLkOxGyIgHaFi.jpeg,2,mucca
540,OIP-_1fZ4ZAaldRi0hgUW7DVuQHaFr.jpeg,4,scoiattolo
541,OIP-_1Zlq8IuJjORr6HhIGetCQHaFj.jpeg,3,pecora
542,OIP-_2Il44HQzZrQQwqKl7oUOwHaFj.jpeg,2,mucca
543,OIP-_2UQ4ixe4HMHonmuAP3vFAHaEk.jpeg,2,mucca
544,OIP-_4RZtMsk4I0NT7DxZOiWjgHaFj.jpeg,0,elefante
545,OIP-_5bWJ7SoPigN4PgV6UozJAHaEo.jpeg,4,scoiattolo
546,OIP-_6CJGv4_77hKyrXuGH4pTAHaE7.jpeg,2,mucca
547,OIP-_70RDqJmC7ljmaNGblpF0QHaEx.jpeg,2,mucca
548,OIP-_7azUmSrj5WRPxxt4zgtIgHaFJ.jpeg,2,mucca
549,OIP-_7pz-4WgSloa6KRjq6DozAHaFj.jpeg,4,scoiattolo
550,OIP-_b7M9TMyyPRiNxAbf_EmkQHaE8.jpeg,4,scoiattolo
551,OIP-_CfAAHdwS_7kSIEuKo_LhQHaG7.jpeg,0,elefante
552,OIP-_cwStB4RUBpoAm0dmJ0hIAHaFj.jpeg,4,scoiattolo
553,OIP-_CygoxlOH2ORAFiulW4WpQHaFI.jpeg,4,scoiattolo
554,OIP-_drWCjlWkUA3_BvlQCemqAHaEo.jpeg,4,scoiattolo
555,OIP-_dVEHaJdv_2qGvKpQOVEJwHaFj.jpeg,4,scoiattolo
556,OIP-_Dx1fsxBCBSXQ_kgAXAxVwHaDP.jpeg,3,pecora
557,OIP-_etMNqBBhvthcoMi5V2zCQHaE7.jpeg,4,scoiattolo
558,OIP-_EvN_312zIDxisMl_CA17AHaJh.jpeg,2,mucca
559,OIP-_EZ9JozG9mdvRNA_kficAgAAAA.jpeg,4,scoiattolo
560,OIP-_flk9r3BRf3VxU5zWSep5QHaE8.jpeg,4,scoiattolo
561,OIP-_fWk4njp2B9RPtn7QK_nBgAAAA.jpeg,0,elefante
562,OIP-_Fxua4zIwTGQEpNvgod-ZgHaFT.jpeg,2,mucca
563,OIP-_GGhpT1ecnjpxh5w86ainwHaE7.jpeg,4,scoiattolo
564,OIP-_GXcWuoMOJ-aLnFOH9U52gAAAA.jpeg,4,scoiattolo
565,OIP-_iQfAJXafptl_zzDPcRKAgHaE7.jpeg,2,mucca
566,OIP-_JAjp2YUwtnIMkoYOjPRKgHaFj.jpeg,2,mucca
567,OIP-_jpMl-tHPdybTv67n6nNiQHaE5.jpeg,1,farfalla
568,OIP-_k5JGFJdEOADeeI6S5OZLgHaEw.jpeg,0,elefante
569,OIP-_kiyj8R2JYihtRF0_MURRQHaE8.jpeg,4,scoiattolo
570,OIP-_lEB2E_BnSgc4Peh-rZ3rQHaFf.jpeg,4,scoiattolo
571,OIP-_LQ_PTWmYyR9N_fPk5W49AHaHF.jpeg,4,scoiattolo
572,OIP-_Lqu0P1huPpO-BYjvUuNpwHaE8.jpeg,4,scoiattolo
573,OIP-_LTqtCctZiQNdcmxKsvp7QHaEm.jpeg,4,scoiattolo
574,OIP-_NTjryC6siDm7PEsYmY-vQHaFj.jpeg,4,scoiattolo
575,OIP-_oc6ePnvxzxC6FJwE6TxHQHaE7.jpeg,2,mucca
576,OIP-_oLlGR00GY3Jxjq6aHbKrwHaFb.jpeg,4,scoiattolo
577,OIP-_p2nrbNACvsScbqzFTAjtgHaFe.jpeg,0,elefante
578,OIP-_pyUwWG1Gyb1Sr5v-SVk_QHaEo.jpeg,4,scoiattolo
579,OIP-_QADUIj-ZwXUHDnTkLUivwHaJ_.jpeg,4,scoiattolo
580,OIP-_R-8LYPFSIPDgPIB4BszTgAAAA.jpeg,3,pecora
581,OIP-_rMOzD8-J2Am0NvqL05rNgEgDY.jpeg,4,scoiattolo
582,OIP-_s7hp8AbJLmAh4w8T_f2UgHaHa.jpeg,4,scoiattolo
583,OIP-_t1IBSscCgc_UdXLBsdQJwHaFj.jpeg,4,scoiattolo
584,OIP-_T8AQvjmXvcLySyAH7_UpwHaE_.jpeg,4,scoiattolo
585,OIP-_-tg9T0bzHlxyBhXL8Z46AHaFj.jpeg,4,scoiattolo
586,OIP-_u4Bv8-JPxseOwAmNT2pIAHaE5.jpeg,3,pecora
587,OIP-_U7JiIoYjbWPqmmmmdsvJwHaF5.jpeg,0,elefante
588,OIP-_uFXQdQ0ohzESYoWiZUSWQHaE7.jpeg,2,mucca
589,OIP-_Uj2DhvKfUsRF2V0V9ufDQHaFk.jpeg,2,mucca
590,OIP-_VBkNQd_MZI4xoemUb-FtAHaE7.jpeg,4,scoiattolo
591,OIP-_vfO5oTfXbYTmQa3fLqygwHaEK.jpeg,2,mucca
592,OIP-_WyHKgREia-4VijlL6DNswHaFj.jpeg,4,scoiattolo
593,OIP-_xFGMN0UbYduHdiXQ1maZAHaIF.jpeg,4,scoiattolo
594,OIP-_XkUFCI2duAyKDD9utKQzgHaFc.jpeg,4,scoiattolo
595,OIP-_XTo_PganejtNU_34Qf-4AHaE8.jpeg,2,mucca
596,OIP-_YhteqH1eojqiNVzyYf9SAHaFG.jpeg,2,mucca
597,OIP-0_QS9F_3tU65pqSudWhPEAHaE8.jpeg,0,elefante
598,OIP-00qwuq8LDwY8bqltA0QfzwHaLF.jpeg,4,scoiattolo
599,OIP-01deWMs3t2fSlsMMrJhQawHaFs.jpeg,2,mucca
600,OIP-02PCcubjRfmizjMlmiJQOQHaGS.jpeg,4,scoiattolo
601,OIP-03xXk3BG1koXi5RwOHQJUgHaFj.jpeg,3,pecora
602,OIP-05T6sCe22QahSh0JKJW06QHaEm.jpeg,4,scoiattolo
603,OIP-0argfBTTuc5ix8OVjBcWLwHaE3.jpeg,2,mucca
604,OIP-0BjjCXTQdSG7WdJfYLdkCQAAAA.jpeg,4,scoiattolo
605,OIP-0d2QLvkmE5B7jysD1eqn2wHaE7.jpeg,2,mucca
606,OIP-0D37KTg4KqpHYRFwnOHtJAHaE7.jpeg,4,scoiattolo
607,OIP-0Dq7FVTeEIk_0t8VK7qWOQHaE8.jpeg,4,scoiattolo
608,OIP-0duU8h_Dl8-kjgJF9WZJ-QHaE7.jpeg,4,scoiattolo
609,OIP-0e_jC-QOtZcuTCPcy3BtRgHaJh.jpeg,4,scoiattolo
610,OIP-0F1ige9tCepKUCMYKKmxlwAAAA.jpeg,4,scoiattolo
611,OIP-0FHHBZQRsahkBa3TGgOA1QHaE8.jpeg,4,scoiattolo
612,OIP-0fn3_HpcdIKqNO93-06GpAHaE6.jpeg,4,scoiattolo
613,OIP-0FWMXJAGZ9fwEww2wAJcngHaE9.jpeg,2,mucca
614,OIP-0GZlVDOLvJ6v3ypXwXcykQHaEK.jpeg,4,scoiattolo
615,OIP-0h4l2T_792LYTbp1hSzdswHaHa.jpeg,2,mucca
616,OIP-0hI_47Tx9Vq-jhfFjyWKQwHaFj.jpeg,4,scoiattolo
617,OIP-0ijcF8ml7hBYjsR3GXpiTQHaE8.jpeg,4,scoiattolo
618,OIP-0ITPiFN_v9WvSPfusSF2CwHaE8.jpeg,4,scoiattolo
619,OIP-0IyWQ1PjC5O_mACIlSEiBwHaLG.jpeg,4,scoiattolo
620,OIP-0jxhbztRUvLNxhHDVYzDxAHaEg.jpeg,4,scoiattolo
621,OIP-0kaFpS0Oz-_SJkdUixQ8pwHaEm.jpeg,2,mucca
622,OIP-0KCU_6eXxmKdWOcZxyzsZwHaE2.jpeg,4,scoiattolo
623,OIP-0kTmmoIaGiwYL1FDYbL_hgHaFQ.jpeg,3,pecora
624,OIP-0LD122m9ecpo8zEazPNLrgHaGW.jpeg,4,scoiattolo
625,OIP-0ldBTWg_nbEWBFlj0QivFAAAAA.jpeg,2,mucca
626,OIP-0lMqu79_kHTI9Zlo2vEsKwHaFE.jpeg,4,scoiattolo
627,OIP-0lYA1iCnaqSWG2Gte5BMQwHaEo.jpeg,2,mucca
628,OIP-0nN4r60Gvwu6tKx-yEIUFAHaE7.jpeg,4,scoiattolo
629,OIP-0OszTGTamFGGjvq8hxZcdQHaLF.jpeg,4,scoiattolo
630,OIP-0OY1Cca1G32etxKdztZkUwHaF7.jpeg,4,scoiattolo
631,OIP-0OYLuJft7OtiMYz5ATNzJgHaEK.jpeg,4,scoiattolo
632,OIP-0p991juHMjs2JudwJR6iqwHaFj.jpeg,2,mucca
633,OIP-0PHIc2w-AeE_YXpq9Iya6AHaMZ.jpeg,4,scoiattolo
634,OIP-0Pjhtfnj2YJKzgjC7Rx_TQHaE3.jpeg,2,mucca
635,OIP-0PNsqeEQHUNPp6ffYB1yyQHaFj.jpeg,4,scoiattolo
636,OIP-0PzAhwRXt2eSfvkZS71nDAHaEw.jpeg,2,mucca
637,OIP-0R1d0xxrapIM2wlKn2p91AHaFR.jpeg,2,mucca
638,OIP-0Stn61nrMY4fiOFvDASS_AAAAA.jpeg,4,scoiattolo
639,OIP-0SwWnZTgIxQGLEKAqkSrdwHaFc.jpeg,2,mucca
640,OIP-0T8A92vWXyIYCcmBW8BnmgHaEH.jpeg,4,scoiattolo
641,OIP-0Tb91v0XYZ_AvWG5zA3wkgHaE7.jpeg,4,scoiattolo
642,OIP-0TCkBoMQem21wk5x2_ShnQHaFj.jpeg,0,elefante
643,OIP-0Uv9fHtfrWNxQl-kChx4wwHaGL.jpeg,4,scoiattolo
644,OIP-0v841L9YNXca-2QleNygKwHaE8.jpeg,4,scoiattolo
645,OIP-0vCCO4SZ25nuEydr_cEP3wHaE6.jpeg,2,mucca
646,OIP-0vytyiXrqX7dCwOWwlmh-wHaFj.jpeg,3,pecora
647,OIP-0W7Pidqn1pnDyKu3dnYybgHaE7.jpeg,4,scoiattolo
648,OIP-0WIWbhvRGA4mwPOcFM1M7QHaFP.jpeg,2,mucca
649,OIP--0Yr2a_yg2hs5QgCoHAOnAHaLJ.jpeg,4,scoiattolo
650,OIP-1b01PBRF9gYAQxQCGK6oKAAAAA.jpeg,2,mucca
651,OIP-1bdfFKzkU_HfUimBYVivrAHaFH.jpeg,4,scoiattolo
652,OIP-1C0AY5jNMeAWT0qj8tk1IQHaE8.jpeg,2,mucca
653,OIP-1cgGsO-5W2Zd7M1yO3-K8gHaFj.jpeg,4,scoiattolo
654,OIP-1cGyBG5VvAiMlB88JpLZfgHaD4.jpeg,4,scoiattolo
655,OIP-1d5aHAvQyKwZgJ1p5Jx1rwHaGc.jpeg,3,pecora
656,OIP-1dcLlGo-oFc6UqTUl6yeHwHaEt.jpeg,2,mucca
657,OIP-1ddYlJDY0e7D9oNYpVcVRgAAAA.jpeg,0,elefante
658,OIP-1dV_OhJz22TDNYfUI8Z1TAHaEf.jpeg,4,scoiattolo
659,OIP-1F0PqZFf2WcgnSxi6NnJcwHaFb.jpeg,2,mucca
660,OIP-1FbU_lujEg5exq1cPCmSmAHaFV.jpeg,0,elefante
661,OIP-1FOgjD7WAsg3QjHo2VeZQAHaC8.jpeg,0,elefante
662,OIP-1HaCHFv2gyxfG0ZaMT8qtgHaFk.jpeg,0,elefante
663,OIP-1hS_06m-_uOxvVd8iK_-PQHaG3.jpeg,2,mucca
664,OIP-1hSIgzGdBweAlnjTuQVZ6AHaKG.jpeg,0,elefante
665,OIP-1IFsAeKPX6i0ryTCPd9gsQHaH_.jpeg,4,scoiattolo
666,OIP-1irfBSzjuW_IKzpr03VkegHaFH.jpeg,2,mucca
667,OIP-1jjnojRaDCReHMWegNzXewHaFH.jpeg,4,scoiattolo
668,OIP-1Jl6a3q2xMTNnc4nywKROwHaE8.jpeg,3,pecora
669,OIP-1l7Ca_iCFqgdLUnOUfanvgAAAA.jpeg,4,scoiattolo
670,OIP-1L7YAkx0PfjhEef7yXhtPgHaFh.jpeg,4,scoiattolo
671,OIP-1Lfus_MN4kLo85GAPeKDQAHaE8.jpeg,4,scoiattolo
672,OIP-1lNC2cLpWgtXYfhRA5vwkgHaLF.jpeg,4,scoiattolo
673,OIP-1mk2qNWGFN5T61jChUd-2AAAAA.jpeg,4,scoiattolo
674,OIP-1nGEToCC9uSP59gwcHp5OwHaFP.jpeg,2,mucca
675,OIP-1NxvGWjwzbEej8_ANg-xpAHaGB.jpeg,0,elefante
676,OIP-1OdfTFjfbPcdyp2rjW3JtgHaFB.jpeg,2,mucca
677,OIP-1OEg6yZosok8zB5P_0qAUgHaFj.jpeg,4,scoiattolo
678,OIP-1oQ4IZX1rFUPK-MxjMaKcAHaFj.jpeg,4,scoiattolo
679,OIP-1ousJgS026f4njgA0KoICwHaE7.jpeg,3,pecora
680,OIP-1pK_piy_IfX78Logxs8QBwHaEc.jpeg,4,scoiattolo
681,OIP-1PLkChGK1BoddiAgwOloVgHaFj.jpeg,2,mucca
682,OIP-1PS7kGhnuGKxDM1B3L-jWwHaFj.jpeg,3,pecora
683,OIP-1qRPzXH-kcEidmUI_wbdaAAAAA.jpeg,4,scoiattolo
684,OIP-1SeCUziCDUFd3V-RYG8OSgHaF7.jpeg,4,scoiattolo
685,OIP-1SVdvhAO-68BYuw0hj-3kAAAAA.jpeg,4,scoiattolo
686,OIP-1UcpyPpp0fHKdysQn5hPaQHaD3.jpeg,2,mucca
687,OIP-1uzx-s01BbaY0Mwb38xGTwHaFj.jpeg,0,elefante
688,OIP-1vHrZWIs0xyKNJABuiSamAHaEO.jpeg,2,mucca
689,OIP-1W2VYqBUs_SlHpNbYXrLnQHaFj.jpeg,2,mucca
690,OIP-1WYuq2Nn0ZkS-DptHGSpqQHaEh.jpeg,2,mucca
691,OIP-1X1XBnJffod12V2XofGJIgHaJ4.jpeg,2,mucca
692,OIP-1x8XOsvNxvL9UGQvfTo6igHaFj.jpeg,4,scoiattolo
693,OIP-1xfYXo9pVq3WF7QqHmolWAHaG3.jpeg,2,mucca
694,OIP-1-XKqEofzul1OcwmtdqyVQHaE0.jpeg,4,scoiattolo
695,OIP-1Xxs7JCbEPDa6D14EblULAAAAA.jpeg,0,elefante
696,OIP-1Ym4R-96JIStzPB7yrocUAHaE7.jpeg,4,scoiattolo
697,OIP-1yYkpcirl-rkMefYoySvPwHaEo.jpeg,4,scoiattolo
698,OIP-1z16f_W-jyqs1wSdX8BCNgHaLH.jpeg,4,scoiattolo
699,OIP-1ZBIa72qOXcbrThA4knxlgHaFj.jpeg,2,mucca
700,OIP-2__NpI2rLlo-FYlj7h-fNwHaE7.jpeg,4,scoiattolo
701,OIP-2_WRE6ujb70tvxjnueP6eQHaE8.jpeg,2,mucca
702,OIP-2alswI1Ju3eSZlA3otQgygHaE8.jpeg,4,scoiattolo
703,OIP-2B17EB8nXmQSlJiN7M3oSgHaFW.jpeg,3,pecora
704,OIP-2cHYMnL2pk4WwKlAylqVWQAAAA.jpeg,4,scoiattolo
705,OIP--2DLJjX4d5SG0eF_EXsO9AHaEk.jpeg,4,scoiattolo
706,OIP-2fPI2e-iTxcCXOlx5Ha94wHaE8.jpeg,2,mucca
707,OIP-2fxzKsnG9vQrWMnBRwYWnAHaE6.jpeg,2,mucca
708,OIP-2gyAu7cLEnWMQshTDBlbzgAAAA.jpeg,4,scoiattolo
709,OIP-2h83tEtPUJS2PiCLCR6-aAHaFO.jpeg,2,mucca
710,OIP-2hYbvCNdpbzTxYA5QyUAYAHaFj.jpeg,4,scoiattolo
711,OIP-2iGyNX86hTNJxDPTmy5uCAHaFP.jpeg,2,mucca
712,OIP-2IKF9PpTCdZqnyq3sr-W-gHaFA.jpeg,4,scoiattolo
713,OIP-2isf3k0bJLeH4WB09NBXngAAAA.jpeg,2,mucca
714,OIP-2iwLM-Nx6Q0IIM-tKxYEnAHaFj.jpeg,4,scoiattolo
715,OIP--2ix__438O7A-yHzROPhGwHaFj.jpeg,2,mucca
716,OIP-2jz4E1UtbAfOTJu01lNyjgHaGl.jpeg,4,scoiattolo
717,OIP-2KOoIjACnd5Zd8O-K-5CSwHaE6.jpeg,3,pecora
718,OIP-2kPKPNKLZk-hlJC9a2LPggHaIc.jpeg,4,scoiattolo
719,OIP-2KtnuE6QcQoAuX6Qc0OCjgHaFj.jpeg,4,scoiattolo
720,OIP-2laahR5mKQFNkBu-JNRbxAHaHz.jpeg,0,elefante
721,OIP-2Lr-iWgO6ztIKZ-kqTMzVgHaFA.jpeg,4,scoiattolo
722,OIP-2LuphON3Pki_UkxF105hVwHaE7.jpeg,4,scoiattolo
723,OIP-2m0N5Sp1KaHVJfrCr5RrRAHaFc.jpeg,2,mucca
724,OIP-2m3TPDjELEhG23vO5X9EIQHaFq.jpeg,2,mucca
725,OIP-2Mr3BIHLN0aWIIa6MOHMmwHaE8.jpeg,2,mucca
726,OIP-2NR1yHYYgYGG2KL36kqndAHaKh.jpeg,3,pecora
727,OIP-2oI8_sp4zr1HmKfhJmQHNwHaE3.jpeg,0,elefante
728,OIP-2osjoOVq9qOk4pLqfrHT4QHaEX.jpeg,4,scoiattolo
729,OIP-2P3Iz-fp-Z1R3_8W_LaRAwHaDe.jpeg,2,mucca
730,OIP-2pyGQ1Z-1ZqmxsX0NF6LpwHaFh.jpeg,4,scoiattolo
731,OIP-2qGc6MkDYXePcg3fviwc7QHaEO.jpeg,4,scoiattolo
732,OIP-2QszCnoBnSJ_JEAftge-DgHaE8.jpeg,4,scoiattolo
733,OIP-2RFVoPqR9gqjucro1rp7uwHaE8.jpeg,2,mucca
734,OIP-2rJMguIV_3eMmh54yJNBiwHaLL.jpeg,4,scoiattolo
735,OIP-2rlD98nFr6c1FXopM8QrEwHaIc.jpeg,2,mucca
736,OIP-2RxYo09k70tm8lyI2VB7oAHaE9.jpeg,2,mucca
737,OIP-2S1aXxRySVIbHTSoGbrkIQHaFj.jpeg,2,mucca
738,OIP-2SxBWLq3JZHphB2xxkXI7QAAAA.jpeg,4,scoiattolo
739,OIP-2T1yupCVWmzn_mHjv6ohYQAAAA.jpeg,4,scoiattolo
740,OIP-2thBEWWxLiNfGmy06tJf0QHaE-.jpeg,2,mucca
741,OIP-2TINkS3ll-8tysV3MByFyAHaEy.jpeg,4,scoiattolo
742,OIP-2TJq1a5oDSMHM50S7F3E8wHaE6.jpeg,4,scoiattolo
743,OIP-2U8JK4owM9Ckp1pkZw4OMQHaE8.jpeg,0,elefante
744,OIP-2-uh3lgrxvGHLnTNECq_OgHaDf.jpeg,4,scoiattolo
745,OIP-2UhoxAp1zf5nB64TKmtZKQAAAA.jpeg,4,scoiattolo
746,OIP-2US-P_A_FNsJWVQ2JyleCAHaE8.jpeg,4,scoiattolo
747,OIP-2WD4daab_oEiWErY3Y0xoQHaFO.jpeg,2,mucca
748,OIP-2WW38bfYUTn0e5QGReVDqwHaFj.jpeg,3,pecora
749,OIP-2XuZ7u6C34dAVw6ze3fhVwHaFi.jpeg,0,elefante
750,OIP-2Y31zL184VBrX1ff5MCQ-wHaE9.jpeg,2,mucca
751,OIP-2y4H6kyhqdqiCJt4gg-aFgHaEo.jpeg,4,scoiattolo
752,OIP-2yetn7rpue58KZJkP0GtFQHaE8.jpeg,2,mucca
753,OIP-2YmpAg5l38zLknfZKAyEewAAAA.jpeg,3,pecora
754,OIP-2Z5nlZgwG9U7KQlYiPGj5gHaJA.jpeg,4,scoiattolo
755,OIP-2Za3Efda5EW3_xHQZ0wX4QHaD_.jpeg,4,scoiattolo
756,OIP-2ZvN0qpvnqlzo-VAxMcNjwHaFR.jpeg,2,mucca
757,OIP-3_CB5g7rHQMICdnQWE3txgHaFj.jpeg,1,farfalla
758,OIP-3a5CRyVz59WCnSRCLO9f0AHaII.jpeg,4,scoiattolo
759,OIP-3aU6rBDvxixI8Hd6ympkEQHaFc.jpeg,4,scoiattolo
760,OIP-3B58EuWSO1nq7LfW6K-UnQHaD4.jpeg,0,elefante
761,OIP-3BCZEwXqd_3v0uoFOD9ylwHaFK.jpeg,2,mucca
762,OIP-3DWAPfwse9B8dCv7m5nB5wHaLk.jpeg,4,scoiattolo
763,OIP-3eKuw11aLFs5vjzjvbsbqgHaE7.jpeg,4,scoiattolo
764,OIP-3Fep7n_K2g59UjYT_UyHCwHaLG.jpeg,4,scoiattolo
765,OIP-3H5-tQs38cqsS3cRAOZP8gAAAA.jpeg,4,scoiattolo
766,OIP-3HBNkj_o-anjUwUEdgAGVQHaHa.jpeg,4,scoiattolo
767,OIP-3hTVZGoRUJ5rExY-uoon6QHaEB.jpeg,0,elefante
768,OIP-3iimTpj9CBqD5av9AMWBIwHaHa.jpeg,3,pecora
769,OIP-3IjK-n2SN6_YBiH1-WQWSAHaHa.jpeg,4,scoiattolo
770,OIP-3iq6YqO26VqYOYVkEuzZQwHaEK.jpeg,2,mucca
771,OIP-3JcOkhfMrqxzvcl8MOkhMAHaEK.jpeg,3,pecora
772,OIP-3jipcuq5m-nEwWRZ-t3A8wHaDt.jpeg,4,scoiattolo
773,OIP-3jU0X9Idr0Zq5jM2RqTjHAHaJ4.jpeg,4,scoiattolo
774,OIP-3KLjCeYEsddQ_O5N_LQHeQHaGh.jpeg,4,scoiattolo
775,OIP-3L9qULtH4M06m1xuCJaW3AHaFj.jpeg,4,scoiattolo
776,OIP-3Lg0oD4z3v_NrCLgfyOreAHaFi.jpeg,2,mucca
777,OIP-3MCjhGspOZu-LjgHXwtJjQHaEK.jpeg,2,mucca
778,OIP-3Mcv05nGZiCzu83JhRzRZgHaE6.jpeg,4,scoiattolo
779,OIP-3MkWnK7dlM0jr-0g-PRrQAHaE7.jpeg,0,elefante
780,OIP-3mLgTy8hhSUX9bNyf6UkJwHaFc.jpeg,4,scoiattolo
781,OIP-3mWwXrQaB0_rSUpEX0u4QAHaEK.jpeg,4,scoiattolo
782,OIP-3NkmZ9X2nHzETIkePckXvAHaFz.jpeg,2,mucca
783,OIP-3o6z8oVY-DDBmPIKMCw2dQHaEd.jpeg,4,scoiattolo
784,OIP-3ovl-8FMzXJuuF_bhuGt9AHaE9.jpeg,4,scoiattolo
785,OIP-3Pu0DRMoNZP4ErMAbaZ8KwAAAA.jpeg,3,pecora
786,OIP-3QKVjLWV7vNsLcetLy3ECQAAAA.jpeg,0,elefante
787,OIP-3qwVpYc1MxCozmQ3SC3mKgHaE8.jpeg,0,elefante
788,OIP-3rXnHzvHMFkrGPGnQxeZCAHaEw.jpeg,3,pecora
789,OIP-3S_nhNzTKlHxvt0T63YMpgHaE9.jpeg,4,scoiattolo
790,OIP-3s4dt2LLmSunm6XeuuikHQHaEK.jpeg,4,scoiattolo
791,OIP-3v3UXBLsrE4aKOcaIxm9VwHaE8.jpeg,4,scoiattolo
792,OIP-3Vm8U6Vm-9g8f-E3Bom3vgHaFj.jpeg,0,elefante
793,OIP-3VwjZwjXyni4x9WkxWhEsAHaET.jpeg,2,mucca
794,OIP-3vy12dRWBNBepu8EgS5b-gHaJ4.jpeg,4,scoiattolo
795,OIP-3w-Dj4VQrNIxSrt10EwxTAHaFe.jpeg,2,mucca
796,OIP-3wKb-xBOBNGr0LwTqC1XuAHaE6.jpeg,4,scoiattolo
797,OIP-3X1SlRUeStD7EZoLbrbxUgHaFP.jpeg,4,scoiattolo
798,OIP-3xfXyl5XXh5zg5EKR6waIwHaFj.jpeg,4,scoiattolo
799,OIP-3XJVZ5mYfXAckzdudRWZcgHaEo.jpeg,4,scoiattolo
800,OIP-3xTrxdwg4dpC-a8is1eaoAAAAA.jpeg,2,mucca
801,OIP-3xwfiORt6Gr-1xKOd8CInwHaFD.jpeg,4,scoiattolo
802,OIP-3xyICeL0wkJJzNBCnxjM_wHaE7.jpeg,2,mucca
803,OIP-3Y_EVlnHu8mIXn67gM8JEwHaJ4.jpeg,4,scoiattolo
804,OIP-3YmFQCmArKJnZxRqTprWPQHaFp.jpeg,2,mucca
805,OIP-3Zp4fIpxL_HSvb4yHZWLkgHaEK.jpeg,4,scoiattolo
806,OIP-4_dabJAGJvr1m93jOb9nLgHaFj.jpeg,4,scoiattolo
807,OIP-4A8-lfZgxYyObnSlwPRyDwHaFj.jpeg,4,scoiattolo
808,OIP-4ABYf0tPteU-19Q_3CKfqgHaE8.jpeg,2,mucca
809,OIP-4ae1dR7LfRlGWGSHegHSowHaFX.jpeg,2,mucca
810,OIP-4AOrHRHTmAG8ShFRKvhdqwHaE8.jpeg,2,mucca
811,OIP-4AqcHk0uLNrfvKi7pzBZ3AHaFj.jpeg,2,mucca
812,OIP-4aqvHKD33mWFWCpHL3VCwgHaFj.jpeg,4,scoiattolo
813,OIP-4B9ExPdOOaXaJVDGrfx6xQHaE8.jpeg,4,scoiattolo
814,OIP-4BmyOmc9h31VyrB5Jo_V0wHaEc.jpeg,2,mucca
815,OIP-4clen-uYidXZllyzcYGQrgHaFD.jpeg,0,elefante
816,OIP-4ctMzi2FTnK3ogmg4cA5xwHaLH.jpeg,4,scoiattolo
817,OIP-4cZcHa9UwZBikCKJemsDnQHaGH.jpeg,2,mucca
818,OIP-4d4h2Jx7fdhcr_sjMwaXjQHaEK.jpeg,4,scoiattolo
819,OIP-4DKja1xQ64j1H9pOrS9_8gHaE7.jpeg,3,pecora
820,OIP-4DTKjkfg4Az1SgVGgw0vPQHaE8.jpeg,4,scoiattolo
821,OIP-4DV69QguK7t2cXbc_9tfRAHaEx.jpeg,0,elefante
822,OIP-4Gx2aVNcmw_tQZ5e9v0bGAHaE8.jpeg,4,scoiattolo
823,OIP-4Hi6iKuhpTmzbeLKJop2KgHaFT.jpeg,2,mucca
824,OIP-4ijoryhaW3P5t-vEedDnCAHaF7.jpeg,3,pecora
825,OIP-4ioGYNaH6joXUHrZ_F-s_gAAAA.jpeg,2,mucca
826,OIP-4K2mHh6KmAkLN7tNsFxj5AHaEe.jpeg,3,pecora
827,OIP-4KdMw9rlPjcT4B2OfNKcXgHaEv.jpeg,2,mucca
828,OIP-4KgL3Sc6rMBl0XBcoNx0MQHaFj.jpeg,2,mucca
829,OIP-4lgu29QP_HqMeAg8je30GwAAAA.jpeg,4,scoiattolo
830,OIP-4m3QwWtPMk8Soh70jRyaKAHaE8.jpeg,4,scoiattolo
831,OIP-4MjmOw4jJD5woE6U-7yqEwHaE7.jpeg,2,mucca
832,OIP-4MR4nhi1PWpsuZX33hqKUQHaE8.jpeg,3,pecora
833,OIP-4n17Bg51U7_oOdY2lMpCxwHaJh.jpeg,4,scoiattolo
834,OIP-4n1MXfZbmp5ILQO1qExkawHaEK.jpeg,4,scoiattolo
835,OIP-4n8s52bmyY0BS7vwZ7mOfgHaE8.jpeg,2,mucca
836,OIP-4olvyIS1wTwDrwzeBz6w3gHaF9.jpeg,2,mucca
837,OIP-4Oqju4a8M4WtK24iJkkM-AAAAA.jpeg,0,elefante
838,OIP-4p0BKMRGbT9w0VNrj16eYQHaE8.jpeg,4,scoiattolo
839,OIP-4pFQmUXBpNzHL0wdFE4LaAHaFh.jpeg,4,scoiattolo
840,OIP-4pm41I0AQFzxtQyccf31uwAAAA.jpeg,3,pecora
841,OIP-4pTpmjEtBf2VBXvQX6m0DwHaFj.jpeg,4,scoiattolo
842,OIP-4pXjOYXzFJbQ35nHD4Xz-AHaE_.jpeg,0,elefante
843,OIP-4PZHy368pf-BA-aEe1EW7QHaE8.jpeg,4,scoiattolo
844,OIP-4Q5uYog_JK-mbfuZH7hKswAAAA.jpeg,4,scoiattolo
845,OIP-4qu4b4YYGQEl7d35XiyoAwHaE-.jpeg,4,scoiattolo
846,OIP-4Qv2S97oDVkjSiSoINRJdAHaE6.jpeg,0,elefante
847,OIP-4Rrjev6MH30EiH0996WpUQHaFI.jpeg,2,mucca
848,OIP-4STxZtgLfYl6rVAOTrTNqAHaE8.jpeg,0,elefante
849,OIP-4TC67ypARZQMONF7s7e-ywHaE8.jpeg,0,elefante
850,OIP-4TnYUz7R1Uu3l-MjC2HfUwHaEj.jpeg,1,farfalla
851,OIP-4uFiBMy1wcwJ1j_hNEG1CwHaFj.jpeg,2,mucca
852,OIP-4vgEfMm_b-SNSHmr4Or1xQHaFS.jpeg,4,scoiattolo
853,OIP-4Vj0oEOHmtkhJWuwFil55gHaEo.jpeg,4,scoiattolo
854,OIP-4wg4_NLI_RNT0qekTFApLQHaFS.jpeg,0,elefante
855,OIP-4wH_ENOXEZduA-nNqIRC3gHaFv.jpeg,3,pecora
856,OIP-4Wrrqr0XKlX6n00tgdoR5AHaFj.jpeg,4,scoiattolo
857,OIP-4X2EJtQpmbB--0n9VKxhdAHaE6.jpeg,2,mucca
858,OIP-4XkdPsi3w2vOqfDMOH5elgHaEK.jpeg,2,mucca
859,OIP-4XR1FYhMQbVEdaUWEj5ucAHaE7.jpeg,0,elefante
860,OIP-4yADNrWUjl4eRdOLDpMuEgHaN3.jpeg,2,mucca
861,OIP-4yRUBRt3t12VGGLk8FgxYwHaEb.jpeg,0,elefante
862,OIP-4yuAjRYyWANlOx1RuLe7cwHaFj.jpeg,4,scoiattolo
863,OIP-4Zc7xV1V9dEJrUzVSq7JvQHaIk.jpeg,3,pecora
864,OIP-5_j-FTpia54Yj4ZfpFZHKgHaFj.jpeg,2,mucca
865,OIP-5-43JYtm1DgGinLtiDct9wHaFj.jpeg,2,mucca
866,OIP-5aVCAmUDmWd6RuJ4zOrjrgHaE6.jpeg,4,scoiattolo
867,OIP-5bH_P4CHyQ6T0tHb65WIfQHaFh.jpeg,2,mucca
868,OIP-5bVS2UY_NHkc-NPm6ONkqwHaFX.jpeg,4,scoiattolo
869,OIP-5CShr9oi4sZdDxH3AAVnlgHaLH.jpeg,4,scoiattolo
870,OIP-5dX_bfIezTduGHHOcRJh1gHaFj.jpeg,2,mucca
871,OIP-5dz_fsFhAOy_AKk9x90i8QHaFi.jpeg,4,scoiattolo
872,OIP-5-EBochVfsOSsAo5nlbRgwHaE_.jpeg,2,mucca
873,OIP-5F450oeIrWqLpbhpjJIpggHaE7.jpeg,0,elefante
874,OIP-5fakzn2oSxoA6xtm2a0AlAHaJO.jpeg,4,scoiattolo
875,OIP-5fd-dk5q-opHqi45VkX0ygHaE9.jpeg,3,pecora
876,OIP-5gA-P9rPEgkx9M7GqvE5LgHaE7.jpeg,4,scoiattolo
877,OIP-5GqjXDbko5Ko2rQOUZCvYAHaE8.jpeg,2,mucca
878,OIP-5HFnViDDFQRYyA3VFSwlsgAAAA.jpeg,4,scoiattolo
879,OIP-5HGIW1D-FcPjzWxNmyBF-QHaEK.jpeg,4,scoiattolo
880,OIP-5HICZMRRigOMGh_67qi_ZwHaIu.jpeg,4,scoiattolo
881,OIP-5hM7neX4lbNhToJ8UxUJjAHaJ4.jpeg,2,mucca
882,OIP-5HZ3RpK3kS_auyDl_3MOUgHaHw.jpeg,0,elefante
883,OIP-5JBK_L8SnBIBmFRYh-6RtgHaFO.jpeg,4,scoiattolo
884,OIP-5jq6vQs8oOoB-xG_t17H5wHaFc.jpeg,0,elefante
885,OIP-5jSblKI-gsH9IAIg2k_jnAHaE7.jpeg,4,scoiattolo
886,OIP-5khmtAJVOrjgfsH9QZMzkAHaE8.jpeg,4,scoiattolo
887,OIP-5KN31a2lj9lgCtT0855pmwHaDg.jpeg,2,mucca
888,OIP-5KXJ70e6l9qwDzE2pSgc9AHaE6.jpeg,2,mucca
889,OIP-5lkoy2yfLmXpHAgDenaNwQHaD1.jpeg,2,mucca
890,OIP-5lWrli2F-pqy0F94kRruQgHaFj.jpeg,4,scoiattolo
891,OIP-5m3MtWCVCZGpwddwkDa-PwHaEq.jpeg,2,mucca
892,OIP-5NBB7uuN_26DENsURrmtHwAAAA.jpeg,2,mucca
893,OIP-5NcDITbYKPwinIWEyVPWdAHaFj.jpeg,0,elefante
894,OIP-5NLt6ysuPlqpfRbuDoeX7AHaFj.jpeg,4,scoiattolo
895,OIP-5nLYVqozX86JvFZLT2LuCgHaEr.jpeg,3,pecora
896,OIP-5oqi2b93MzvFrDfs6hVOzAHaE7.jpeg,0,elefante
897,OIP-5OsChyYNhJT6ivcXPLelEAHaED.jpeg,0,elefante
898,OIP-5OxC7CZYRz0VOnH_SJfljgHaFl.jpeg,2,mucca
899,OIP-5qDH62SJZANMTuj3ZDvpGwHaFb.jpeg,2,mucca
900,OIP-5R8bQeX6EuhVQsxaGyuDhgHaFj.jpeg,2,mucca
901,OIP-5RfWrGV59pxQAI7SFSRH1wHaFj.jpeg,4,scoiattolo
902,OIP-5rpbTamg1JP9gZjIpi27egHaEx.jpeg,2,mucca
903,OIP-5tLTkAi3uqyS0x-tQ3S8ggAAAA.jpeg,4,scoiattolo
904,OIP-5TUietm2o3z-jNDHiuKKfQHaE7.jpeg,4,scoiattolo
905,OIP-5ual0F5ZPZRdkGcj8uSH0AHaFj.jpeg,4,scoiattolo
906,OIP-5VwIBS0B8SxZbUiAHBJg7gHaE8.jpeg,0,elefante
907,OIP-5WG0rHWAZYtu0utoZfuaAgHaFj.jpeg,0,elefante
908,OIP-5ZwfeYunG6CT2wEI7OjybQHaEo.jpeg,4,scoiattolo
909,OIP-6A6SpPbz_YUI4ElMo-UhuQHaE8.jpeg,4,scoiattolo
